Time Stamp,Temperature (C),Weather Main,Rain 1h,Snow 1h
1546300800,3.42,Rain,3.06,4.4
1546315200,5.89,Rain,3.77,2.21
1546329600,11.18,Mist,0.0,0.12
1546344000,13.55,Rain,0.25,0.06
1546358400,11.68,Rain,0.5,0.25
1546372800,3.7,Clouds,0.0,0.05
1546387200,2.05,Clouds,0.0,0.0
1546401600,-0.06,Clouds,0.0,0.0
1546416000,-2.08,Clear,0.0,0.0
1546430400,-1.89,Clear,0.0,0.0
1546444800,0.04,Clear,0.0,0.0
1546459200,-0.55,Clear,0.0,0.0
1546473600,-0.99,Clouds,0.0,0.0
1546488000,1.34,Clouds,0.0,0.0
1546502400,2.71,Drizzle,0.0,0.0
1546516800,1.96,Clouds,0.0,0.0
1546531200,1.51,Clear,0.0,0.0
1546545600,0.14,Clouds,0.0,0.0
1546560000,-0.03,Clouds,0.0,0.0
1546574400,-0.99,Clear,0.0,0.05
1546588800,-2.09,Clear,0.0,0.0
1546603200,-1.87,Clear,0.0,0.0
1546617600,2.19,Clear,0.0,0.0
1546632000,4.31,Clear,0.0,0.0
1546646400,4.99,Clear,0.0,0.0
1546660800,4.87,Clouds,0.0,0.51
1546675200,2.44,Rain,1.49,0.88
1546689600,1.88,Mist,0.25,0.45
1546704000,2.71,Rain,1.21,0.69
1546718400,3.1,Rain,0.39,0.55
1546732800,2.91,Rain,0.28,0.07
1546747200,0.54,Clear,0.0,0.0
1546761600,1.1,Clear,0.0,0.06
1546776000,3.6,Clouds,0.0,0.0
1546790400,4.45,Clouds,0.0,0.0
1546804800,1.16,Clouds,0.0,0.0
1546819200,-4.2,Clouds,0.0,0.0
1546833600,-7.31,Clear,0.0,0.0
1546848000,-8.25,Clear,0.0,0.0
1546862400,-9.32,Clear,0.0,0.0
1546876800,-7.56,Clear,0.0,0.0
1546891200,-4.25,Clear,0.0,0.0
1546905600,-3.67,Clouds,0.0,0.0
1546920000,-2.64,Clouds,0.0,0.0
1546934400,-0.04,Rain,0.24,0.42
1546948800,2.51,Mist,0.26,0.06
1546963200,3.06,Rain,0.25,0.06
1546977600,3.82,Mist,0.0,0.0
1546992000,4.19,Mist,0.0,0.0
1547006400,3.2,Mist,0.0,0.93
1547020800,0.9,Clouds,0.0,0.0
1547035200,0.73,Clouds,0.0,0.06
1547049600,1.67,Clouds,0.0,0.0
1547064000,0.64,Clouds,0.0,0.0
1547078400,-3.01,Clouds,0.0,0.0
1547092800,-5.36,Clouds,0.0,0.0
1547107200,-6.57,Clouds,0.0,0.0
1547121600,-6.62,Clouds,0.0,0.0
1547136000,-6.4,Clouds,0.0,0.05
1547150400,-6.53,Clouds,0.0,0.0
1547164800,-7.66,Clouds,0.0,0.0
1547179200,-9.14,Clouds,0.0,0.0
1547193600,-10.83,Clear,0.0,0.0
1547208000,-12.55,Clear,0.0,0.0
1547222400,-9.12,Clear,0.0,0.0
1547236800,-8.76,Clear,0.0,0.0
1547251200,-10.62,Clear,0.0,0.0
1547265600,-12.27,Clear,0.0,0.0
1547280000,-12.86,Clear,0.0,0.0
1547294400,-9.72,Clouds,0.0,0.0
1547308800,-5.15,Clouds,0.0,0.0
1547323200,-3.45,Clouds,0.0,0.0
1547337600,-4.42,Clouds,0.0,0.0
1547352000,-5.55,Clouds,0.0,0.0
1547366400,-7.63,Clouds,0.0,0.0
1547380800,-9.21,Snow,0.0,0.0
1547395200,-6.17,Clouds,0.0,0.0
1547409600,-5.99,Clear,0.0,0.0
1547424000,-8.44,Clear,0.0,0.0
1547438400,-10.48,Clear,0.0,0.0
1547452800,-12.35,Clear,0.0,0.0
1547467200,-11.99,Clouds,0.0,0.0
1547481600,-7.36,Clear,0.0,0.0
1547496000,-5.04,Clear,0.0,0.0
1547510400,-5.75,Clear,0.0,0.0
1547524800,-6.22,Clear,0.0,0.0
1547539200,-7.74,Clear,0.0,0.0
1547553600,-8.55,Clear,0.0,0.0
1547568000,-4.49,Clear,0.0,0.0
1547582400,-2.86,Clear,0.0,0.0
1547596800,-3.63,Clear,0.0,0.0
1547611200,-3.89,Clear,0.0,0.0
1547625600,-6.25,Clear,0.0,0.0
1547640000,-6.1,Clear,0.0,0.0
1547654400,-3.08,Clouds,0.0,0.0
1547668800,-0.71,Clouds,0.0,0.0
1547683200,-1.6,Clouds,0.0,0.0
1547697600,-5.24,Clear,0.0,0.0
1547712000,-9.38,Clear,0.0,0.0
1547726400,-9.54,Clear,0.0,0.0
1547740800,-5.83,Clear,0.0,0.0
1547755200,-4.88,Clear,0.0,0.0
1547769600,-4.89,Snow,0.0,0.0
1547784000,-5.39,Clouds,0.0,0.0
1547798400,-5.62,Snow,0.0,0.0
1547812800,-3.62,Snow,0.0,0.08
1547827200,-0.54,Mist,0.51,0.38
1547841600,-0.42,Haze,0.0,0.1
1547856000,-2.03,Clouds,0.0,0.0
1547870400,-2.79,Clouds,0.0,0.0
1547884800,-3.58,Clear,0.0,0.0
1547899200,-3.14,Clear,0.0,0.0
1547913600,-2.3,Clouds,0.0,0.1
1547928000,-1.99,Clouds,0.0,0.0
1547942400,-3.32,Rain,0.17,0.76
1547956800,-3.9,Rain,1.7,3.66
1547971200,-4.36,Rain,3.02,1.94
1547985600,-1.56,Rain,0.99,1.07
1548000000,-1.56,Mist,0.25,0.14
1548014400,-9.93,Clouds,0.0,0.0
1548028800,-15.82,Clear,0.0,0.0
1548043200,-17.54,Clouds,0.0,0.0
1548057600,-20.23,Clear,0.0,0.0
1548072000,-22.14,Clouds,0.0,0.0
1548086400,-19.27,Snow,0.0,0.0
1548100800,-17.58,Clear,0.0,0.0
1548115200,-18.55,Clear,0.0,0.0
1548129600,-17.45,Clear,0.0,0.0
1548144000,-16.98,Clear,0.0,0.0
1548158400,-16.21,Clear,0.0,0.0
1548172800,-9.6,Clear,0.0,0.0
1548187200,-5.08,Clear,0.0,0.0
1548201600,-6.12,Clear,0.0,0.0
1548216000,-6.76,Clear,0.0,0.0
1548230400,-6.14,Clear,0.0,0.0
1548244800,-4.38,Clouds,0.0,0.0
1548259200,-1.0,Clouds,0.0,0.0
1548273600,3.26,Clouds,0.0,0.0
1548288000,4.31,Rain,0.2,0.05
1548302400,8.43,Clouds,0.0,0.16
1548316800,10.16,Rain,0.0,0.15
1548331200,11.18,Rain,1.52,1.8
1548345600,13.2,Rain,6.31,3.64
1548360000,7.37,Rain,3.39,1.79
1548374400,-1.46,Clouds,0.0,0.0
1548388800,-3.46,Clouds,0.0,0.0
1548403200,-3.88,Clouds,0.0,0.0
1548417600,-2.85,Clouds,0.0,0.0
1548432000,-2.18,Clear,0.0,0.05
1548446400,-3.95,Clouds,0.0,0.0
1548460800,-6.24,Clear,0.0,0.0
1548475200,-8.51,Clear,0.0,0.0
1548489600,-10.26,Clear,0.0,0.0
1548504000,-9.85,Clear,0.0,0.0
1548518400,-5.17,Clear,0.0,0.0
1548532800,-3.58,Clouds,0.0,0.0
1548547200,-2.79,Clouds,0.0,0.0
1548561600,-3.94,Clear,0.0,0.0
1548576000,-3.66,Clear,0.0,0.0
1548590400,-1.25,Clouds,0.0,0.0
1548604800,3.84,Clear,0.0,0.0
1548619200,4.77,Clouds,0.0,0.0
1548633600,2.61,Clouds,0.0,0.0
1548648000,-1.04,Clouds,0.0,0.0
1548662400,-5.98,Clear,0.0,0.0
1548676800,-9.74,Clear,0.0,0.0
1548691200,-7.2,Clear,0.0,0.0
1548705600,-5.93,Clear,0.0,0.0
1548720000,-6.75,Clear,0.0,0.0
1548734400,-8.14,Clear,0.0,0.0
1548748800,-8.02,Clear,0.0,0.0
1548763200,-5.82,Clouds,0.0,0.05
1548777600,-0.31,Snow,0.0,0.03
1548792000,1.47,Rain,0.14,0.28
1548806400,-0.71,Rain,1.77,1.12
1548820800,-4.85,Rain,0.37,0.18
1548835200,-11.64,Clear,0.0,0.0
1548849600,-12.48,Clear,0.0,0.0
1548864000,-7.87,Clear,0.0,0.0
1548878400,-11.86,Clouds,0.0,0.0
1548892800,-19.29,Snow,0.0,0.0
1548907200,-21.58,Smoke,0.0,0.0
1548921600,-23.02,Clear,0.0,0.0
1548936000,-22.4,Smoke,0.0,0.0
1548950400,-17.85,Clear,0.0,0.0
1548964800,-16.08,Clear,0.0,0.0
1548979200,-16.9,Clear,0.0,0.0
1548993600,-17.39,Clear,0.0,0.0
1549008000,-18.3,Clear,0.0,0.0
1549022400,-17.89,Clear,0.0,0.0
1549036800,-13.93,Clouds,0.0,0.0
1549051200,-11.16,Clouds,0.0,0.0
1549065600,-12.63,Clear,0.0,0.0
1549080000,-14.18,Clear,0.0,0.0
1549094400,-14.54,Clear,0.0,0.0
1549108800,-11.36,Clear,0.0,0.0
1549123200,-8.32,Clear,0.0,0.0
1549137600,-5.1,Clear,0.0,0.0
1549152000,-5.92,Clouds,0.0,0.0
1549166400,-5.59,Clear,0.0,0.0
1549180800,-4.35,Clear,0.0,0.0
1549195200,-1.62,Clear,0.0,0.0
1549209600,6.88,Clear,0.0,0.0
1549224000,6.55,Clear,0.0,0.0
1549238400,3.24,Clear,0.0,0.0
1549252800,2.16,Clear,0.0,0.0
1549267200,1.58,Clear,0.0,0.0
1549281600,4.18,Clear,0.0,0.0
1549296000,11.84,Clear,0.0,0.0
1549310400,11.4,Clear,0.0,0.0
1549324800,6.64,Clear,0.0,0.0
1549339200,6.03,Clear,0.0,0.0
1549353600,4.3,Mist,0.0,0.0
1549368000,6.86,Clouds,0.0,0.12
1549382400,13.58,Clouds,0.0,0.05
1549396800,16.29,Clear,0.0,0.12
1549411200,11.85,Clear,0.0,0.0
1549425600,3.04,Clouds,0.0,0.0
1549440000,-0.54,Clear,0.0,0.0
1549454400,0.0,Clear,0.0,0.0
1549468800,2.98,Clear,0.0,0.0
1549483200,2.13,Clouds,0.0,0.13
1549497600,1.12,Rain,0.5,1.47
1549512000,-0.66,Rain,2.78,1.52
1549526400,-0.76,Drizzle,0.25,0.06
1549540800,0.84,Mist,0.0,0.0
1549555200,2.66,Mist,0.0,0.0
1549569600,3.59,Clouds,0.0,0.0
1549584000,3.02,Mist,0.0,0.15
1549598400,2.5,Mist,0.0,1.02
1549612800,3.88,Rain,1.73,0.65
1549627200,3.45,Rain,0.32,0.35
1549641600,6.22,Rain,0.43,0.27
1549656000,6.48,Clear,0.0,0.0
1549670400,-2.9,Clear,0.0,0.0
1549684800,-7.17,Clear,0.0,0.0
1549699200,-10.01,Clear,0.0,0.0
1549713600,-11.13,Clear,0.0,0.0
1549728000,-8.11,Clear,0.0,0.05
1549742400,-7.06,Clear,0.0,0.0
1549756800,-8.6,Snow,0.0,0.0
1549771200,-9.71,Clear,0.0,0.0
1549785600,-10.16,Clear,0.0,0.0
1549800000,-9.78,Clear,0.0,0.0
1549814400,-4.82,Snow,0.0,0.0
1549828800,-2.42,Clear,0.0,0.18
1549843200,-3.22,Clouds,0.0,0.0
1549857600,-3.22,Clouds,0.0,0.0
1549872000,-4.64,Clouds,0.0,0.0
1549886400,-3.27,Clouds,0.0,0.0
1549900800,-2.46,Clouds,0.0,0.0
1549915200,-0.96,Clouds,0.0,0.0
1549929600,-2.54,Clouds,0.0,0.0
1549944000,-3.7,Clear,0.0,0.0
1549958400,-6.84,Clouds,0.0,0.0
1549972800,-8.3,Clouds,0.0,0.0
1549987200,-9.96,Snow,0.0,0.0
1550001600,-7.56,Snow,0.0,0.25
1550016000,-4.54,Rain,1.15,1.08
1550030400,-3.28,Mist,1.04,1.12
1550044800,-3.1,Rain,0.78,0.56
1550059200,-2.11,Rain,0.57,0.77
1550073600,-1.06,Rain,1.14,0.86
1550088000,-3.33,Rain,0.25,0.19
1550102400,-4.74,Clear,0.0,0.0
1550116800,-4.45,Clouds,0.0,0.0
1550131200,-5.32,Clouds,0.0,0.0
1550145600,-4.15,Clouds,0.0,0.06
1550160000,0.92,Rain,0.2,0.05
1550174400,4.08,Clear,0.0,0.05
1550188800,3.3,Clear,0.0,0.0
1550203200,2.08,Clear,0.0,0.0
1550217600,2.06,Clear,0.0,0.0
1550232000,4.99,Clouds,0.0,0.0
1550246400,9.32,Clouds,0.0,0.0
1550260800,11.63,Clear,0.0,0.05
1550275200,11.2,Clear,0.0,0.0
1550289600,5.05,Clouds,0.0,0.0
1550304000,-1.44,Clear,0.0,0.0
1550318400,-3.88,Clear,0.0,0.0
1550332800,0.23,Clear,0.0,0.0
1550347200,1.09,Clear,0.0,0.0
1550361600,-2.97,Clear,0.0,0.0
1550376000,-5.31,Clear,0.0,0.0
1550390400,-9.16,Clear,0.0,0.0
1550404800,-7.98,Clear,0.0,0.0
1550419200,-2.08,Clear,0.0,0.0
1550433600,-2.46,Clear,0.0,0.0
1550448000,-2.29,Clouds,0.0,0.06
1550462400,-2.82,Rain,0.64,0.32
1550476800,-3.67,Mist,0.25,0.51
1550491200,-1.75,Mist,0.32,0.32
1550505600,-0.57,Mist,0.0,0.25
1550520000,-2.67,Clouds,0.0,0.0
1550534400,-8.28,Clouds,0.0,0.0
1550548800,-10.46,Clear,0.0,0.0
1550563200,-11.01,Clear,0.0,0.0
1550577600,-10.76,Clear,0.0,0.0
1550592000,-5.85,Clear,0.0,0.0
1550606400,-3.38,Clear,0.0,0.0
1550620800,-5.23,Clear,0.0,0.0
1550635200,-7.23,Clear,0.0,0.0
1550649600,-7.48,Clear,0.0,0.0
1550664000,-7.02,Clear,0.0,0.0
1550678400,-7.13,Snow,0.0,0.0
1550692800,-7.33,Snow,0.0,0.0
1550707200,-6.52,Mist,0.0,0.0
1550721600,-4.97,Mist,0.0,1.82
1550736000,-3.5,Mist,0.0,0.06
1550750400,-2.03,Mist,0.51,1.07
1550764800,4.05,Rain,1.95,0.68
1550779200,7.71,Clouds,0.0,0.12
1550793600,5.4,Clear,0.0,0.0
1550808000,1.76,Clear,0.0,0.0
1550822400,-0.24,Clear,0.0,0.0
1550836800,-0.81,Clear,0.0,0.05
1550851200,1.88,Clear,0.0,0.0
1550865600,2.33,Clear,0.0,0.0
1550880000,-0.62,Clear,0.0,0.0
1550894400,-2.1,Clear,0.0,0.0
1550908800,-2.86,Clear,0.0,0.0
1550923200,-3.2,Clear,0.0,0.0
1550937600,0.24,Clear,0.0,0.0
1550952000,0.7,Clear,0.0,0.0
1550966400,-0.34,Clouds,0.0,0.04
1550980800,-1.96,Rain,0.27,0.34
1550995200,-2.57,Rain,0.43,1.48
1551009600,-0.61,Rain,3.04,1.76
1551024000,4.39,Mist,0.0,0.06
1551038400,4.38,Rain,0.25,0.06
1551052800,3.14,Clouds,0.0,0.0
1551067200,0.6,Clouds,0.0,0.0
1551081600,-2.25,Snow,0.0,0.13
1551096000,-4.04,Clouds,0.0,0.0
1551110400,-2.11,Clouds,0.0,0.0
1551124800,-2.22,Clouds,0.0,0.05
1551139200,-6.49,Rain,0.2,0.05
1551153600,-9.5,Clear,0.0,0.0
1551168000,-10.28,Clear,0.0,0.0
1551182400,-9.25,Clear,0.0,0.0
1551196800,-4.84,Clear,0.0,0.0
1551211200,-4.44,Clear,0.0,0.0
1551225600,-8.51,Clear,0.0,0.0
1551240000,-10.11,Clouds,0.0,0.0
1551254400,-10.38,Clouds,0.0,0.0
1551268800,-8.34,Clouds,0.0,0.0
1551283200,-7.9,Snow,0.0,0.0
1551297600,-7.77,Clouds,0.0,0.0
1551312000,-6.83,Clouds,0.0,0.0
1551326400,-6.19,Clouds,0.0,0.0
1551340800,-6.33,Mist,0.0,0.0
1551355200,-7.9,Clouds,0.0,0.0
1551369600,-4.53,Rain,0.25,0.12
1551384000,-3.04,Clear,0.0,0.0
1551398400,-5.63,Clear,0.0,0.0
1551412800,-6.04,Clear,0.0,0.0
1551427200,-6.35,Clouds,0.0,0.0
1551441600,-7.98,Snow,0.0,0.0
1551456000,-5.32,Clouds,0.0,0.32
1551470400,-4.24,Rain,0.25,0.06
1551484800,-4.2,Clouds,0.0,0.11
1551499200,-4.86,Snow,0.0,0.0
1551513600,-5.66,Mist,0.0,0.0
1551528000,-4.88,Snow,0.0,0.0
1551542400,-1.36,Rain,0.76,1.66
1551556800,2.05,Rain,2.12,1.07
1551571200,0.59,Clouds,0.0,0.06
1551585600,-0.77,Clouds,0.0,0.0
1551600000,-1.27,Clear,0.0,0.0
1551614400,-1.3,Clear,0.0,0.0
1551628800,2.46,Clouds,0.0,0.0
1551643200,-0.32,Clouds,0.0,0.2
1551657600,-3.13,Snow,0.95,1.17
1551672000,-5.14,Snow,0.23,0.35
1551686400,-3.94,Snow,0.67,0.57
1551700800,-3.62,Mist,0.64,0.88
1551715200,-2.66,Rain,1.52,1.66
1551729600,-2.45,Rain,1.34,0.86
1551744000,-5.0,Clouds,0.0,0.0
1551758400,-9.26,Clouds,0.0,0.0
1551772800,-11.73,Clouds,0.0,0.0
1551787200,-10.41,Clear,0.0,0.0
1551801600,-7.41,Snow,0.0,0.0
1551816000,-6.84,Clear,0.0,0.0
1551830400,-8.4,Clear,0.0,0.0
1551844800,-11.11,Clear,0.0,0.0
1551859200,-13.67,Clear,0.0,0.0
1551873600,-13.46,Clear,0.0,0.0
1551888000,-11.06,Clouds,0.0,0.0
1551902400,-10.88,Clouds,0.0,0.0
1551916800,-12.24,Clouds,0.0,0.0
1551931200,-13.66,Clear,0.0,0.0
1551945600,-14.36,Clear,0.0,0.0
1551960000,-12.14,Clear,0.0,0.0
1551974400,-8.17,Clouds,0.0,0.0
1551988800,-6.89,Rain,0.2,0.05
1552003200,-7.06,Clear,0.0,0.0
1552017600,-7.43,Clear,0.0,0.0
1552032000,-7.32,Clear,0.0,0.0
1552046400,-5.35,Clear,0.0,0.0
1552060800,-1.7,Clear,0.0,0.06
1552075200,-1.5,Clear,0.0,0.0
1552089600,-0.73,Clouds,0.0,0.0
1552104000,-1.37,Clouds,0.0,0.0
1552118400,-2.7,Clouds,0.0,0.0
1552132800,-0.51,Clear,0.0,0.0
1552147200,4.12,Clear,0.0,0.0
1552161600,5.1,Clear,0.0,0.0
1552176000,0.41,Clear,0.0,0.0
1552190400,-0.7,Clear,0.0,0.0
1552204800,-3.66,Rain,0.41,1.99
1552219200,-2.49,Rain,0.75,1.56
1552233600,-2.61,Rain,0.91,0.45
1552248000,1.8,Mist,0.0,0.0
1552262400,2.53,Mist,0.0,0.0
1552276800,2.47,Mist,0.0,0.06
1552291200,2.1,Clear,0.0,0.0
1552305600,2.46,Clear,0.0,0.0
1552320000,7.82,Clear,0.0,0.0
1552334400,9.07,Clear,0.0,0.0
1552348800,7.4,Clear,0.0,0.0
1552363200,-1.43,Clouds,0.0,0.0
1552377600,-3.93,Clear,0.0,0.0
1552392000,-3.92,Clouds,0.0,0.05
1552406400,-0.55,Clouds,0.0,0.0
1552420800,1.12,Clouds,0.0,0.0
1552435200,-1.87,Clear,0.0,0.0
1552449600,-2.18,Clear,0.0,0.0
1552464000,-2.42,Clear,0.0,0.0
1552478400,-0.38,Clear,0.0,0.0
1552492800,4.51,Clear,0.0,0.0
1552507200,1.8,Clear,0.0,0.0
1552521600,1.52,Clear,0.0,0.14
1552536000,3.42,Clouds,0.0,0.0
1552550400,2.9,Clouds,0.0,0.0
1552564800,5.28,Clouds,0.0,0.0
1552579200,10.55,Clear,0.0,0.0
1552593600,9.06,Clear,0.0,0.0
1552608000,6.12,Clear,0.0,0.0
1552622400,6.05,Clear,0.0,0.0
1552636800,8.41,Clear,0.0,0.0
1552651200,13.14,Rain,0.3,0.08
1552665600,20.43,Rain,0.5,0.12
1552680000,17.65,Clouds,0.0,0.05
1552694400,15.71,Thunderstorm,1.93,2.93
1552708800,12.28,Clouds,0.0,0.0
1552723200,5.9,Clouds,0.0,0.0
1552737600,3.5,Clear,0.0,0.05
1552752000,5.35,Clear,0.0,0.0
1552766400,4.64,Clouds,0.0,0.0
1552780800,0.14,Clouds,0.0,0.0
1552795200,-2.38,Clouds,0.0,0.0
1552809600,-3.8,Clear,0.0,0.0
1552824000,-2.42,Clear,0.0,0.0
1552838400,1.11,Clouds,0.0,0.0
1552852800,2.73,Clear,0.0,0.0
1552867200,-1.09,Clear,0.0,0.0
1552881600,-2.82,Clear,0.0,0.0
1552896000,-2.7,Clear,0.0,0.0
1552910400,-1.69,Clear,0.0,0.0
1552924800,3.25,Clear,0.0,0.0
1552939200,3.36,Clouds,0.0,0.0
1552953600,2.76,Clouds,0.0,0.0
1552968000,0.9,Clear,0.0,0.0
1552982400,-1.87,Clear,0.0,0.0
1552996800,0.12,Clear,0.0,0.0
1553011200,5.15,Clear,0.0,0.0
1553025600,5.83,Clouds,0.0,0.0
1553040000,3.22,Clear,0.0,0.0
1553054400,0.86,Clear,0.0,0.0
1553068800,0.73,Clear,0.0,0.0
1553083200,3.26,Clear,0.0,0.0
1553097600,8.37,Clear,0.0,0.0
1553112000,5.62,Clear,0.0,0.0
1553126400,3.53,Clear,0.0,0.0
1553140800,3.42,Clouds,0.0,0.0
1553155200,3.16,Clouds,0.0,0.16
1553169600,2.52,Rain,0.45,0.6
1553184000,3.1,Mist,0.71,0.52
1553198400,2.2,Rain,0.31,0.96
1553212800,-0.21,Mist,0.25,0.98
1553227200,0.03,Rain,3.99,3.2
1553241600,1.6,Rain,0.8,1.14
1553256000,0.2,Rain,0.81,0.56
1553270400,2.0,Rain,0.3,0.33
1553284800,4.47,Clouds,0.0,0.12
1553299200,1.18,Rain,0.25,0.12
1553313600,-3.44,Clouds,0.0,0.19
1553328000,-5.12,Clouds,0.0,0.06
1553342400,-3.67,Clouds,0.0,0.0
1553356800,2.01,Clear,0.0,0.0
1553371200,3.79,Clear,0.0,0.0
1553385600,1.64,Clear,0.0,0.0
1553400000,0.13,Clear,0.0,0.0
1553414400,-1.14,Clear,0.0,0.0
1553428800,1.45,Clear,0.0,0.0
1553443200,10.71,Clear,0.0,0.0
1553457600,13.47,Clear,0.0,0.0
1553472000,11.75,Clear,0.0,0.0
1553486400,10.86,Clouds,0.0,0.0
1553500800,9.51,Clouds,0.0,0.0
1553515200,7.69,Rain,0.2,0.1
1553529600,7.83,Clouds,0.0,0.0
1553544000,7.75,Clouds,0.0,0.04
1553558400,6.02,Rain,0.26,0.14
1553572800,0.96,Clouds,0.0,0.0
1553587200,-4.03,Clear,0.0,0.0
1553601600,-2.4,Clear,0.0,0.0
1553616000,3.46,Clear,0.0,0.05
1553630400,5.42,Clear,0.0,0.0
1553644800,2.47,Clear,0.0,0.0
1553659200,-0.88,Clear,0.0,0.0
1553673600,-3.18,Clear,0.0,0.0
1553688000,-1.61,Clear,0.0,0.0
1553702400,2.79,Clear,0.0,0.05
1553716800,2.31,Clear,0.0,0.0
1553731200,-0.32,Clear,0.0,0.0
1553745600,-1.39,Clear,0.0,0.0
1553760000,-1.34,Clear,0.0,0.0
1553774400,2.07,Clear,0.0,0.0
1553788800,7.35,Clear,0.0,0.0
1553803200,5.3,Clear,0.0,0.0
1553817600,5.6,Clear,0.0,0.0
1553832000,6.38,Rain,0.0,0.0
1553846400,6.18,Clouds,0.0,0.0
1553860800,8.8,Rain,0.0,0.0
1553875200,11.74,Clouds,0.0,0.12
1553889600,13.16,Rain,0.18,0.04
1553904000,12.95,Clouds,0.0,0.0
1553918400,11.81,Clouds,0.0,0.0
1553932800,10.2,Clouds,0.0,0.0
1553947200,11.57,Clouds,0.0,0.0
1553961600,16.17,Clear,0.0,0.0
1553976000,15.35,Clear,0.0,0.0
1553990400,11.95,Clear,0.0,0.0
1554004800,11.28,Clear,0.0,0.0
1554019200,10.44,Clear,0.0,0.0
1554033600,13.04,Smoke,0.0,0.0
1554048000,10.98,Rain,0.73,0.45
1554062400,5.25,Rain,0.47,0.3
1554076800,1.75,Clouds,0.0,0.0
1554091200,-2.26,Clear,0.0,0.0
1554105600,-4.85,Clear,0.0,0.0
1554120000,-4.01,Clear,0.0,0.05
1554134400,1.26,Clear,0.0,0.0
1554148800,3.57,Clear,0.0,0.0
1554163200,2.92,Clear,0.0,0.05
1554177600,1.92,Clear,0.0,0.0
1554192000,-0.21,Clear,0.0,0.0
1554206400,3.07,Clear,0.0,0.0
1554220800,5.92,Clear,0.0,0.0
1554235200,4.61,Clear,0.0,0.03
1554249600,2.8,Rain,0.3,0.73
1554264000,1.3,Rain,0.25,0.41
1554278400,0.95,Clouds,0.0,0.0
1554292800,5.87,Clear,0.0,0.0
1554307200,15.09,Clear,0.0,0.0
1554321600,16.77,Clear,0.0,0.0
1554336000,12.56,Clear,0.0,0.0
1554350400,7.1,Clear,0.0,0.0
1554364800,4.75,Clear,0.0,0.0
1554379200,4.11,Clear,0.0,0.0
1554393600,10.54,Clear,0.0,0.0
1554408000,12.34,Clear,0.0,0.0
1554422400,8.36,Clear,0.0,0.0
1554436800,3.02,Clear,0.0,0.0
1554451200,-0.24,Clear,0.0,0.0
1554465600,0.76,Clouds,0.0,0.0
1554480000,0.63,Rain,0.3,0.28
1554494400,-0.32,Rain,0.47,0.44
1554508800,0.09,Rain,0.5,0.39
1554523200,0.85,Rain,0.41,0.21
1554537600,1.43,Mist,0.25,0.12
1554552000,4.6,Mist,0.0,0.06
1554566400,14.58,Clear,0.0,0.06
1554580800,17.6,Rain,0.25,0.12
1554595200,13.78,Clear,0.0,0.0
1554609600,11.12,Rain,0.25,0.06
1554624000,9.38,Clear,0.0,0.0
1554638400,12.74,Rain,0.25,0.06
1554652800,15.86,Clear,0.0,0.0
1554667200,14.02,Clear,0.0,0.0
1554681600,13.39,Clear,0.0,0.0
1554696000,12.33,Clouds,0.0,1.24
1554710400,11.39,Rain,0.75,0.25
1554724800,14.2,Mist,0.25,0.06
1554739200,21.22,Clear,0.0,0.06
1554753600,24.92,Clouds,0.0,0.06
1554768000,15.87,Clear,0.0,0.0
1554782400,6.12,Mist,0.0,0.0
1554796800,5.33,Mist,0.0,0.06
1554811200,5.96,Mist,0.0,0.0
1554825600,8.21,Haze,0.0,0.0
1554840000,5.55,Mist,0.0,0.32
1554854400,5.27,Mist,0.0,0.0
1554868800,6.59,Mist,0.0,0.11
1554883200,6.36,Clear,0.0,0.0
1554897600,9.06,Clear,0.0,0.06
1554912000,12.19,Clouds,0.0,0.06
1554926400,12.32,Clouds,0.0,0.05
1554940800,6.58,Clear,0.0,0.0
1554955200,2.96,Clear,0.0,0.0
1554969600,0.93,Clear,0.0,0.0
1554984000,3.04,Clouds,0.0,0.0
1554998400,7.08,Clouds,0.0,0.18
1555012800,7.85,Rain,0.25,0.19
1555027200,6.21,Clouds,0.0,0.0
1555041600,6.57,Rain,0.0,0.0
1555056000,6.17,Clouds,0.0,0.0
1555070400,5.42,Rain,0.0,0.0
1555084800,13.15,Clouds,0.0,0.0
1555099200,17.77,Clear,0.0,0.2
1555113600,15.09,Rain,0.59,1.88
1555128000,15.33,Rain,0.87,0.82
1555142400,15.89,Rain,0.27,1.18
1555156800,16.72,Rain,0.24,0.25
1555171200,22.16,Rain,0.25,0.51
1555185600,22.26,Rain,0.51,0.25
1555200000,20.49,Clear,0.0,0.06
1555214400,18.86,Clear,0.0,0.06
1555228800,17.13,Clouds,0.0,0.06
1555243200,17.52,Fog,0.0,0.06
1555257600,20.33,Clear,0.0,0.06
1555272000,17.52,Clouds,0.0,0.2
1555286400,15.63,Mist,0.0,0.06
1555300800,15.16,Mist,0.25,0.19
1555315200,15.16,Mist,0.0,3.06
1555329600,15.48,Rain,0.37,1.03
1555344000,12.56,Rain,4.06,1.47
1555358400,8.58,Rain,0.76,0.38
1555372800,3.47,Rain,0.25,0.12
1555387200,3.22,Rain,0.25,0.06
1555401600,2.32,Clear,0.0,0.06
1555416000,6.66,Clear,0.0,0.06
1555430400,14.03,Clear,0.0,0.11
1555444800,15.45,Rain,0.5,0.12
1555459200,12.59,Clouds,0.0,0.0
1555473600,9.38,Rain,0.0,0.17
1555488000,7.68,Drizzle,0.25,0.12
1555502400,9.73,Clouds,0.0,0.0
1555516800,13.44,Clouds,0.0,0.0
1555531200,12.27,Clear,0.0,0.05
1555545600,9.15,Clear,0.0,0.0
1555560000,9.48,Clouds,0.0,0.0
1555574400,9.98,Rain,0.27,0.16
1555588800,11.17,Rain,0.5,0.24
1555603200,12.85,Rain,0.2,0.13
1555617600,15.42,Mist,0.0,0.0
1555632000,14.02,Clear,0.0,0.0
1555646400,14.8,Clear,0.0,0.0
1555660800,15.54,Clear,0.0,0.0
1555675200,18.81,Clouds,0.0,0.0
1555689600,22.88,Clouds,0.0,0.0
1555704000,21.65,Clouds,0.0,0.11
1555718400,17.46,Rain,0.33,0.48
1555732800,17.78,Rain,0.0,1.05
1555747200,15.97,Rain,0.35,1.51
1555761600,16.3,Rain,2.63,2.04
1555776000,15.77,Mist,0.0,0.0
1555790400,14.48,Mist,0.0,0.0
1555804800,12.58,Clear,0.0,0.0
1555819200,12.1,Clear,0.0,0.0
1555833600,11.72,Clouds,0.0,0.0
1555848000,13.78,Clouds,0.0,0.0
1555862400,15.53,Rain,0.17,0.07
1555876800,15.47,Clear,0.0,0.0
1555891200,12.75,Clouds,0.0,0.0
1555905600,11.63,Clear,0.0,0.12
1555920000,10.81,Clear,0.0,0.0
1555934400,14.14,Clear,0.0,0.06
1555948800,15.87,Rain,0.38,0.6
1555963200,14.61,Rain,1.52,1.06
1555977600,14.11,Rain,0.25,0.22
1555992000,14.34,Rain,0.0,0.06
1556006400,13.53,Clouds,0.0,0.06
1556020800,16.15,Clear,0.0,0.05
1556035200,22.42,Clear,0.0,0.05
1556049600,19.27,Clear,0.0,0.05
1556064000,17.24,Rain,0.24,0.06
1556078400,18.28,Rain,0.67,0.65
1556092800,17.75,Clear,0.0,0.0
1556107200,15.92,Clear,0.0,0.05
1556121600,17.6,Rain,0.2,0.05
1556136000,19.04,Clear,0.0,0.0
1556150400,16.09,Clear,0.0,0.0
1556164800,11.48,Clear,0.0,0.0
1556179200,7.87,Clear,0.0,0.0
1556193600,11.33,Clear,0.0,0.0
1556208000,15.57,Clear,0.0,0.0
1556222400,12.52,Clouds,0.0,0.2
1556236800,11.36,Rain,0.84,0.26
1556251200,11.4,Clouds,0.0,0.0
1556265600,10.83,Rain,0.25,1.28
1556280000,11.44,Mist,0.0,0.18
1556294400,11.23,Mist,0.32,1.89
1556308800,11.71,Mist,0.0,0.0
1556323200,14.64,Rain,1.3,0.89
1556337600,10.05,Rain,0.0,0.2
1556352000,8.74,Rain,0.94,0.34
1556366400,9.8,Rain,0.25,0.19
1556380800,11.36,Rain,0.7,0.42
1556395200,12.36,Clouds,0.0,0.0
1556409600,9.14,Clear,0.0,0.0
1556424000,6.78,Clear,0.0,0.0
1556438400,7.62,Clouds,0.0,0.0
1556452800,9.02,Rain,0.2,0.59
1556467200,9.6,Rain,0.28,0.35
1556481600,8.33,Rain,0.24,0.06
1556496000,6.54,Clouds,0.0,0.0
1556510400,3.79,Clear,0.0,0.0
1556524800,3.14,Clear,0.0,0.0
1556539200,8.3,Clear,0.0,0.0
1556553600,12.46,Clear,0.0,0.05
1556568000,10.04,Clear,0.0,0.0
1556582400,9.14,Clouds,0.0,0.0
1556596800,7.83,Drizzle,0.12,0.3
1556611200,8.06,Rain,0.32,0.17
1556625600,10.42,Mist,0.25,0.06
1556640000,12.2,Mist,0.0,0.06
1556654400,13.87,Clouds,0.0,0.0
1556668800,12.14,Clouds,0.0,0.08
1556683200,11.28,Clouds,0.0,0.0
1556697600,10.68,Clouds,0.0,0.06
1556712000,10.77,Rain,0.46,0.18
1556726400,11.24,Clouds,0.0,0.05
1556740800,10.21,Clouds,0.0,0.0
1556755200,8.3,Mist,0.0,0.14
1556769600,9.41,Mist,0.0,0.0
1556784000,9.76,Mist,0.0,0.06
1556798400,14.33,Haze,0.0,0.0
1556812800,21.93,Haze,0.0,0.0
1556827200,17.15,Rain,0.16,0.35
1556841600,12.37,Rain,1.29,1.67
1556856000,10.26,Clouds,0.0,0.0
1556870400,8.87,Clouds,0.0,0.0
1556884800,9.88,Drizzle,0.0,0.0
1556899200,11.45,Haze,0.0,0.0
1556913600,11.72,Haze,0.0,0.0
1556928000,11.14,Mist,0.0,0.06
1556942400,11.47,Mist,0.25,0.72
1556956800,11.61,Mist,0.0,0.06
1556971200,13.23,Rain,0.2,0.18
1556985600,17.3,Mist,0.36,0.3
1557000000,18.91,Haze,0.0,0.0
1557014400,14.63,Clear,0.0,0.0
1557028800,13.38,Mist,0.0,0.51
1557043200,12.79,Rain,1.9,2.29
1557057600,12.05,Rain,1.72,0.98
1557072000,11.19,Rain,0.62,0.66
1557086400,10.38,Rain,0.27,0.6
1557100800,10.38,Rain,3.12,2.2
1557115200,10.38,Rain,0.73,0.26
1557129600,10.34,Clear,0.0,0.0
1557144000,14.12,Clouds,0.0,0.0
1557158400,19.4,Rain,0.2,0.05
1557172800,15.96,Clouds,0.0,0.0
1557187200,13.14,Clouds,0.0,0.1
1557201600,11.64,Clouds,0.0,0.0
1557216000,11.21,Clouds,0.0,0.0
1557230400,14.09,Clouds,0.0,0.0
1557244800,18.45,Clouds,0.0,0.0
1557259200,19.19,Clear,0.0,0.12
1557273600,15.76,Rain,0.0,0.77
1557288000,14.87,Mist,0.25,0.06
1557302400,13.04,Clouds,0.0,0.06
1557316800,14.48,Clouds,0.0,0.06
1557331200,18.85,Clear,0.0,0.0
1557345600,17.24,Clear,0.0,0.05
1557360000,13.69,Clear,0.0,0.0
1557374400,12.59,Clouds,0.0,0.0
1557388800,11.02,Clouds,0.0,0.0
1557403200,11.62,Clouds,0.0,0.0
1557417600,13.4,Drizzle,0.0,0.08
1557432000,12.48,Clouds,0.0,0.0
1557446400,12.14,Clouds,0.0,0.0
1557460800,12.47,Clouds,0.0,0.02
1557475200,13.13,Rain,0.27,0.14
1557489600,16.07,Mist,0.0,0.0
1557504000,19.52,Clouds,0.0,0.38
1557518400,22.37,Clouds,0.0,0.05
1557532800,21.63,Clouds,0.0,0.66
1557547200,19.06,Clear,0.0,0.16
1557561600,14.16,Rain,0.37,0.09
1557576000,13.35,Clear,0.0,0.18
1557590400,17.38,Clear,0.0,0.05
1557604800,18.93,Clear,0.0,0.0
1557619200,15.94,Drizzle,0.0,0.06
1557633600,13.24,Rain,0.0,0.51
1557648000,7.78,Mist,1.54,1.27
1557662400,4.7,Rain,1.01,1.15
1557676800,4.16,Rain,1.74,2.4
1557691200,3.9,Rain,3.15,1.36
1557705600,2.69,Rain,0.25,0.29
1557720000,2.6,Mist,0.25,0.26
1557734400,3.15,Clouds,0.0,0.0
1557748800,4.4,Drizzle,0.38,0.59
1557763200,6.01,Rain,0.43,0.96
1557777600,5.56,Rain,0.43,1.77
1557792000,4.46,Rain,1.0,0.38
1557806400,5.01,Clouds,0.0,0.06
1557820800,4.36,Mist,0.0,0.0
1557835200,6.43,Mist,0.25,0.11
1557849600,8.32,Clouds,0.0,0.15
1557864000,8.1,Drizzle,0.14,0.82
1557878400,5.98,Rain,1.26,0.68
1557892800,5.24,Rain,0.33,0.36
1557907200,4.74,Rain,0.2,0.05
1557921600,9.84,Clear,0.0,0.0
1557936000,16.69,Clouds,0.0,0.0
1557950400,19.12,Clouds,0.0,0.0
1557964800,16.66,Clouds,0.0,0.0
1557979200,14.04,Clouds,0.0,0.45
1557993600,12.06,Rain,0.64,0.22
1558008000,15.37,Rain,0.25,0.24
1558022400,20.18,Clouds,0.0,0.03
1558036800,21.15,Clouds,0.0,0.0
1558051200,18.04,Clear,0.0,0.0
1558065600,16.61,Clouds,0.0,0.0
1558080000,16.04,Clouds,0.0,0.0
1558094400,20.12,Clear,0.0,0.0
1558108800,22.76,Clear,0.0,0.42
1558123200,24.32,Rain,0.2,0.05
1558137600,21.73,Clear,0.0,0.22
1558152000,17.2,Clouds,0.0,0.0
1558166400,13.41,Clear,0.0,0.0
1558180800,15.86,Clear,0.0,0.0
1558195200,21.26,Clear,0.0,0.0
1558209600,20.5,Clear,0.0,0.0
1558224000,15.87,Clear,0.0,0.0
1558238400,15.09,Clouds,0.0,0.0
1558252800,15.74,Clear,0.0,0.06
1558267200,19.12,Rain,0.56,0.14
1558281600,23.0,Rain,0.2,0.05
1558296000,24.12,Clear,0.0,0.0
1558310400,21.52,Clear,0.0,0.0
1558324800,20.94,Rain,0.44,0.34
1558339200,19.93,Rain,0.0,0.0
1558353600,24.52,Rain,0.5,0.19
1558368000,29.0,Clouds,0.0,0.0
1558382400,29.07,Clouds,0.0,0.0
1558396800,25.84,Clear,0.0,0.0
1558411200,18.88,Clear,0.0,0.0
1558425600,14.49,Clear,0.0,0.0
1558440000,13.57,Clouds,0.0,0.0
1558454400,18.34,Clear,0.0,0.1
1558468800,20.42,Rain,0.7,0.18
1558483200,16.62,Clear,0.0,0.0
1558497600,13.76,Clear,0.0,0.0
1558512000,11.86,Clear,0.0,0.12
1558526400,15.98,Clear,0.0,0.0
1558540800,20.78,Clear,0.0,0.0
1558555200,21.98,Clear,0.0,0.0
1558569600,18.84,Clear,0.0,0.0
1558584000,17.43,Clear,0.0,0.0
1558598400,15.56,Clouds,0.0,0.9
1558612800,14.34,Rain,2.78,0.99
1558627200,20.09,Clouds,0.0,0.06
1558641600,20.04,Rain,0.48,1.39
1558656000,19.2,Clouds,0.0,0.0
1558670400,20.66,Clear,0.0,0.0
1558684800,19.38,Clear,0.0,0.0
1558699200,19.68,Clear,0.0,0.0
1558713600,22.06,Clouds,0.0,0.12
1558728000,21.56,Clouds,0.0,0.0
1558742400,17.98,Clear,0.0,0.0
1558756800,15.49,Clear,0.0,0.0
1558771200,13.15,Clear,0.0,0.0
1558785600,16.37,Clear,0.0,0.0
1558800000,20.04,Clear,0.0,0.0
1558814400,17.69,Clouds,0.0,0.0
1558828800,15.92,Clouds,0.0,0.0
1558843200,16.22,Rain,0.48,0.34
1558857600,17.04,Rain,0.49,0.12
1558872000,22.33,Clear,0.0,0.0
1558886400,29.56,Clear,0.0,0.0
1558900800,25.99,Clear,0.0,1.08
1558915200,22.7,Mist,0.0,0.06
1558929600,21.7,Clear,0.0,0.06
1558944000,18.4,Clear,0.0,0.0
1558958400,21.02,Clear,0.0,0.05
1558972800,25.6,Clear,0.0,0.05
1558987200,25.88,Rain,0.5,0.18
1559001600,23.18,Clear,0.0,0.0
1559016000,20.24,Clear,0.0,0.0
1559030400,18.32,Clear,0.0,0.0
1559044800,17.68,Clouds,0.0,0.43
1559059200,18.0,Mist,1.48,0.89
1559073600,20.88,Clouds,0.0,0.0
1559088000,21.0,Rain,0.69,1.98
1559102400,20.68,Mist,0.0,0.06
1559116800,19.39,Fog,0.0,0.0
1559131200,16.31,Mist,0.0,0.0
1559145600,18.86,Clouds,0.0,0.12
1559160000,16.26,Rain,0.15,2.19
1559174400,13.88,Rain,3.56,0.95
1559188800,13.75,Mist,0.0,0.0
1559203200,13.84,Mist,0.0,0.0
1559217600,15.68,Mist,0.0,0.0
1559232000,19.1,Haze,0.0,0.05
1559246400,17.52,Clouds,0.0,2.53
1559260800,17.21,Rain,1.89,1.41
1559275200,18.17,Rain,0.59,0.64
1559289600,17.94,Mist,0.0,0.12
1559304000,21.3,Clear,0.0,0.06
1559318400,25.23,Clear,0.0,0.05
1559332800,26.01,Rain,0.2,0.1
1559347200,23.0,Clear,0.0,0.0
1559361600,20.9,Clear,0.0,0.0
1559376000,18.36,Clear,0.0,0.0
1559390400,20.51,Clear,0.0,0.0
1559404800,24.8,Clear,0.0,0.0
1559419200,23.22,Clear,0.0,0.0
1559433600,20.02,Clear,0.0,0.0
1559448000,19.77,Clouds,0.0,0.0
1559462400,18.61,Mist,0.0,0.0
1559476800,21.33,Haze,0.0,0.0
1559491200,26.56,Clear,0.0,0.0
1559505600,24.94,Rain,1.2,1.14
1559520000,20.99,Rain,0.25,2.94
1559534400,16.46,Rain,0.25,0.06
1559548800,14.32,Clouds,0.0,0.0
1559563200,16.8,Clear,0.0,0.11
1559577600,19.4,Clouds,0.0,0.0
1559592000,19.52,Clear,0.0,0.0
1559606400,16.68,Clear,0.0,0.0
1559620800,13.76,Clear,0.0,0.0
1559635200,11.85,Clear,0.0,0.0
1559649600,14.7,Clear,0.0,0.0
1559664000,19.41,Clear,0.0,0.0
1559678400,20.79,Clouds,0.0,0.0
1559692800,19.14,Clear,0.0,0.0
1559707200,17.95,Clouds,0.0,0.0
1559721600,17.89,Rain,0.12,0.13
1559736000,20.24,Rain,0.97,0.36
1559750400,26.3,Clear,0.0,0.0
1559764800,26.0,Clouds,0.0,0.28
1559779200,24.28,Rain,0.6,0.26
1559793600,22.29,Rain,0.38,1.03
1559808000,21.94,Mist,0.0,0.0
1559822400,24.79,Mist,0.0,0.0
1559836800,28.06,Clouds,0.0,0.0
1559851200,27.51,Clouds,0.0,0.0
1559865600,24.58,Clouds,0.0,0.05
1559880000,21.59,Clear,0.0,0.0
1559894400,19.4,Clear,0.0,0.0
1559908800,21.75,Clear,0.0,0.05
1559923200,24.86,Clear,0.0,0.0
1559937600,24.54,Clouds,0.0,0.18
1559952000,20.93,Clear,0.0,0.0
1559966400,19.23,Clear,0.0,0.0
1559980800,18.8,Clear,0.0,0.0
1559995200,21.96,Clear,0.0,0.05
1560009600,25.21,Clear,0.0,0.0
1560024000,25.24,Rain,0.2,0.05
1560038400,19.46,Clear,0.0,0.0
1560052800,16.94,Clear,0.0,0.0
1560067200,16.13,Clear,0.0,0.0
1560081600,19.54,Clear,0.0,0.0
1560096000,23.7,Clear,0.0,0.0
1560110400,22.89,Rain,0.5,0.12
1560124800,18.44,Clear,0.0,0.0
1560139200,15.28,Clear,0.0,0.0
1560153600,15.52,Clouds,0.0,0.0
1560168000,16.55,Clouds,0.0,0.1
1560182400,17.63,Rain,1.14,2.5
1560196800,19.73,Rain,1.88,0.66
1560211200,20.57,Rain,0.25,0.2
1560225600,20.75,Rain,0.25,0.12
1560240000,20.88,Rain,1.94,2.02
1560254400,18.19,Rain,0.23,0.11
1560268800,22.33,Clear,0.0,0.05
1560283200,23.85,Clear,0.0,0.0
1560297600,20.65,Clear,0.0,0.0
1560312000,17.03,Clear,0.0,0.0
1560326400,15.51,Clear,0.0,0.0
1560340800,19.33,Clear,0.0,0.0
1560355200,22.51,Clear,0.0,0.0
1560369600,20.74,Rain,0.0,0.0
1560384000,17.99,Clear,0.0,0.0
1560398400,17.43,Clear,0.0,0.0
1560412800,16.93,Drizzle,0.0,0.34
1560427200,14.81,Rain,3.32,3.27
1560441600,16.13,Rain,0.75,0.44
1560456000,17.55,Clouds,0.0,0.0
1560470400,16.85,Clouds,0.0,1.02
1560484800,16.09,Mist,0.3,0.08
1560499200,15.35,Mist,0.0,0.06
1560513600,16.81,Rain,0.25,0.19
1560528000,19.11,Rain,0.2,0.1
1560542400,22.09,Rain,0.2,0.05
1560556800,20.5,Clear,0.0,0.0
1560571200,17.91,Clear,0.0,0.0
1560585600,16.36,Clear,0.0,0.0
1560600000,21.06,Clear,0.0,0.0
1560614400,26.24,Clear,0.0,0.0
1560628800,26.33,Rain,0.2,0.12
1560643200,23.86,Clouds,0.0,0.0
1560657600,21.65,Rain,0.0,0.12
1560672000,20.03,Rain,0.13,0.3
1560686400,22.51,Rain,0.25,0.19
1560700800,25.57,Clear,0.0,0.19
1560715200,27.14,Rain,0.25,0.32
1560729600,23.9,Rain,2.54,0.64
1560744000,23.51,Clouds,0.0,0.07
1560758400,21.68,Drizzle,0.2,0.05
1560772800,22.38,Clouds,0.0,0.06
1560787200,23.45,Rain,0.24,0.24
1560801600,23.76,Rain,0.6,0.3
1560816000,22.21,Clouds,0.0,0.0
1560830400,21.39,Clear,0.0,0.0
1560844800,21.1,Mist,0.0,0.08
1560859200,22.36,Rain,2.53,0.88
1560873600,22.8,Mist,0.98,2.08
1560888000,22.28,Mist,0.93,1.12
1560902400,19.88,Mist,1.22,0.57
1560916800,19.26,Mist,0.0,0.06
1560931200,19.32,Mist,0.0,0.06
1560945600,20.52,Mist,0.0,0.06
1560960000,21.3,Mist,0.5,0.36
1560974400,20.98,Rain,0.11,0.51
1560988800,19.74,Mist,0.25,0.12
1561003200,19.0,Mist,0.0,0.2
1561017600,18.3,Mist,0.27,0.27
1561032000,19.99,Mist,0.25,0.06
1561046400,24.26,Mist,0.0,0.0
1561060800,23.97,Mist,2.08,2.67
1561075200,23.43,Rain,1.02,0.72
1561089600,22.83,Rain,0.25,0.25
1561104000,21.43,Rain,0.19,1.03
1561118400,19.47,Mist,0.42,1.28
1561132800,20.74,Rain,0.3,0.3
1561147200,24.28,Rain,0.25,0.32
1561161600,21.75,Clear,0.0,0.12
1561176000,18.38,Clear,0.0,0.06
1561190400,16.7,Clear,0.0,0.12
1561204800,20.86,Clear,0.0,0.06
1561219200,25.62,Rain,0.25,0.12
1561233600,26.3,Clouds,0.0,0.06
1561248000,22.91,Clear,0.0,0.0
1561262400,19.6,Clear,0.0,0.0
1561276800,18.06,Rain,0.25,0.06
1561291200,22.11,Clear,0.0,0.0
1561305600,26.9,Clear,0.0,0.0
1561320000,27.69,Clear,0.0,0.0
1561334400,25.96,Clear,0.0,0.0
1561348800,22.56,Clear,0.0,0.0
1561363200,20.55,Clear,0.0,0.0
1561377600,24.11,Clear,0.0,0.0
1561392000,27.93,Clear,0.0,0.05
1561406400,27.16,Clear,0.0,0.0
1561420800,25.16,Clear,0.0,0.0
1561435200,23.99,Clear,0.0,0.0
1561449600,23.16,Clouds,0.0,0.7
1561464000,23.15,Rain,7.0,2.13
1561478400,25.61,Mist,0.0,0.16
1561492800,30.18,Clouds,0.0,0.06
1561507200,26.52,Clouds,0.0,0.0
1561521600,23.72,Clear,0.0,0.0
1561536000,22.69,Mist,0.0,0.0
1561550400,25.53,Clear,0.0,0.0
1561564800,28.8,Clear,0.0,0.12
1561579200,29.89,Clear,0.0,0.0
1561593600,28.7,Clear,0.0,0.0
1561608000,25.5,Clear,0.0,0.0
1561622400,23.29,Clear,0.0,0.0
1561636800,27.18,Clear,0.0,0.0
1561651200,30.22,Clear,0.0,0.0
1561665600,29.9,Clouds,0.0,0.0
1561680000,27.94,Clear,0.0,0.0
1561694400,25.57,Clear,0.0,0.0
1561708800,23.96,Clear,0.0,0.0
1561723200,27.56,Clear,0.0,0.0
1561737600,30.44,Clear,0.0,0.0
1561752000,29.94,Rain,0.2,0.1
1561766400,27.48,Clear,0.0,0.0
1561780800,25.87,Clear,0.0,0.0
1561795200,24.83,Clear,0.0,0.0
1561809600,27.91,Clear,0.0,0.12
1561824000,31.96,Clear,0.0,0.7
1561838400,27.3,Rain,0.2,0.58
1561852800,24.18,Rain,0.49,0.12
1561867200,23.59,Clear,0.0,0.0
1561881600,23.01,Clouds,0.0,0.0
1561896000,24.88,Clear,0.0,0.0
1561910400,27.1,Clouds,0.0,0.05
1561924800,25.66,Rain,0.65,0.22
1561939200,23.61,Clear,0.0,0.0
1561953600,20.17,Clear,0.0,0.0
1561968000,18.69,Clear,0.0,0.0
1561982400,22.39,Clear,0.0,0.12
1561996800,27.39,Rain,0.2,0.32
1562011200,28.09,Clouds,0.0,0.1
1562025600,26.88,Clear,0.0,0.0
1562040000,23.78,Clear,0.0,0.0
1562054400,22.57,Clouds,0.0,0.0
1562068800,25.84,Clear,0.0,0.0
1562083200,28.73,Clouds,0.0,0.0
1562097600,30.15,Clouds,0.0,0.05
1562112000,27.99,Rain,0.21,0.62
1562126400,26.11,Rain,0.14,0.08
1562140800,24.72,Clouds,0.0,0.0
1562155200,26.69,Clear,0.0,0.0
1562169600,28.74,Clouds,0.0,0.18
1562184000,30.16,Rain,0.2,0.32
1562198400,27.68,Clear,0.0,0.0
1562212800,25.7,Clear,0.0,0.0
1562227200,24.16,Clear,0.0,0.0
1562241600,28.53,Haze,0.0,0.25
1562256000,31.32,Clear,0.0,0.0
1562270400,29.38,Clear,0.0,0.0
1562284800,25.32,Clear,0.0,0.0
1562299200,23.98,Haze,0.0,0.0
1562313600,23.28,Mist,0.0,0.0
1562328000,25.88,Haze,0.0,0.0
1562342400,30.32,Clouds,0.0,0.03
1562356800,29.24,Clouds,0.0,0.0
1562371200,26.47,Clouds,0.0,0.0
1562385600,26.44,Clouds,0.0,0.0
1562400000,26.41,Clouds,0.0,0.0
1562414400,29.92,Haze,0.0,0.0
1562428800,33.97,Rain,0.11,2.55
1562443200,30.2,Rain,0.75,0.19
1562457600,26.05,Rain,0.25,0.18
1562472000,25.61,Clear,0.0,0.26
1562486400,24.65,Rain,0.77,0.23
1562500800,25.71,Clouds,0.0,0.0
1562515200,29.26,Clear,0.0,0.12
1562529600,27.34,Rain,0.21,0.09
1562544000,23.72,Clear,0.0,0.0
1562558400,22.5,Clouds,0.0,0.0
1562572800,22.0,Clouds,0.0,0.16
1562587200,21.24,Rain,0.84,0.42
1562601600,23.34,Rain,0.26,0.12
1562616000,25.31,Clouds,0.0,0.1
1562630400,23.62,Clear,0.0,0.0
1562644800,22.56,Clear,0.0,0.0
1562659200,21.86,Clear,0.0,0.0
1562673600,25.4,Clear,0.0,0.0
1562688000,29.19,Clear,0.0,0.0
1562702400,29.66,Clear,0.0,0.05
1562716800,28.14,Clear,0.0,0.0
1562731200,25.82,Clear,0.0,0.0
1562745600,24.25,Clear,0.0,0.0
1562760000,27.2,Clear,0.0,0.05
1562774400,30.74,Clouds,0.0,0.0
1562788800,31.1,Rain,0.2,0.1
1562803200,29.57,Clear,0.0,0.0
1562817600,26.53,Clouds,0.0,0.0
1562832000,24.32,Clouds,0.0,0.0
1562846400,26.98,Clear,0.0,0.0
1562860800,29.22,Clear,0.0,0.0
1562875200,24.8,Rain,1.3,0.72
1562889600,24.27,Rain,1.88,2.15
1562904000,23.72,Rain,0.91,0.84
1562918400,23.13,Clouds,0.0,0.0
1562932800,26.01,Clear,0.0,0.11
1562947200,30.24,Clouds,0.0,0.0
1562961600,29.49,Clear,0.0,0.05
1562976000,26.52,Clouds,0.0,0.0
1562990400,23.51,Clear,0.0,0.0
1563004800,21.93,Clear,0.0,0.0
1563019200,24.58,Clear,0.0,0.0
1563033600,28.92,Clouds,0.0,0.0
1563048000,30.2,Clear,0.0,0.0
1563062400,28.6,Clear,0.0,0.0
1563076800,26.65,Clear,0.0,0.0
1563091200,25.22,Clear,0.0,0.0
1563105600,28.41,Clear,0.0,0.0
1563120000,31.56,Clouds,0.0,0.0
1563134400,30.08,Clear,0.0,0.0
1563148800,27.56,Clear,0.0,0.0
1563163200,24.18,Clear,0.0,0.0
1563177600,21.42,Clear,0.0,0.0
1563192000,24.22,Rain,0.7,0.27
1563206400,27.98,Clear,0.0,0.0
1563220800,28.84,Clear,0.0,0.0
1563235200,27.81,Clear,0.0,0.0
1563249600,24.8,Clear,0.0,0.0
1563264000,23.47,Clear,0.0,0.0
1563278400,27.05,Clear,0.0,0.0
1563292800,31.93,Clear,0.0,0.05
1563307200,32.95,Clouds,0.0,0.0
1563321600,30.99,Clear,0.0,0.0
1563336000,28.98,Clear,0.0,0.0
1563350400,28.27,Clear,0.0,0.0
1563364800,32.96,Clouds,0.0,0.0
1563379200,38.54,Clear,0.0,0.05
1563393600,37.06,Clouds,0.0,0.31
1563408000,27.23,Thunderstorm,0.14,7.33
1563422400,24.34,Rain,2.53,0.84
1563436800,24.4,Rain,0.42,0.16
1563451200,24.73,Mist,0.0,1.4
1563465600,25.51,Mist,0.0,0.71
1563480000,25.08,Mist,0.25,0.29
1563494400,22.99,Rain,0.76,0.32
1563508800,22.57,Rain,0.25,0.06
1563523200,22.73,Clouds,0.0,0.06
1563537600,26.3,Rain,0.2,0.05
1563552000,35.8,Clear,0.0,0.05
1563566400,38.7,Clouds,0.0,0.0
1563580800,37.65,Clear,0.0,0.0
1563595200,34.31,Clear,0.0,0.0
1563609600,32.01,Clear,0.0,0.0
1563624000,35.61,Clear,0.0,0.0
1563638400,40.14,Clear,0.0,0.0
1563652800,39.26,Clear,0.0,0.03
1563667200,37.47,Clouds,0.0,0.0
1563681600,35.29,Clear,0.0,0.0
1563696000,32.54,Clear,0.0,0.0
1563710400,35.9,Clear,0.0,0.0
1563724800,41.14,Clear,0.0,0.0
1563739200,40.55,Rain,0.2,0.35
1563753600,34.11,Rain,0.51,1.34
1563768000,29.72,Rain,0.0,0.0
1563782400,28.6,Rain,0.13,0.77
1563796800,29.87,Rain,0.5,0.25
1563811200,34.54,Clear,0.0,0.44
1563825600,28.24,Rain,4.6,5.39
1563840000,23.92,Rain,10.61,2.88
1563854400,24.0,Rain,0.25,0.53
1563868800,21.18,Rain,0.28,1.85
1563883200,20.45,Rain,1.37,1.07
1563897600,22.53,Rain,0.2,0.12
1563912000,22.92,Rain,0.14,0.42
1563926400,21.49,Rain,0.25,0.7
1563940800,21.01,Rain,0.14,0.22
1563955200,20.64,Clouds,0.0,0.0
1563969600,23.21,Rain,0.2,0.08
1563984000,26.95,Rain,0.1,0.05
1563998400,27.6,Clouds,0.0,0.0
1564012800,24.76,Clear,0.0,0.0
1564027200,23.16,Clouds,0.0,0.0
1564041600,22.12,Clouds,0.0,0.0
1564056000,24.43,Clear,0.0,0.0
1564070400,27.71,Rain,0.2,0.05
1564084800,27.79,Clouds,0.0,0.05
1564099200,25.08,Rain,0.2,0.05
1564113600,23.82,Clear,0.0,0.0
1564128000,21.94,Clear,0.0,0.0
1564142400,25.64,Clear,0.0,0.0
1564156800,28.8,Clear,0.0,0.12
1564171200,28.78,Clouds,0.0,0.1
1564185600,25.98,Clear,0.0,0.0
1564200000,24.45,Clear,0.0,0.0
1564214400,23.33,Clouds,0.0,0.0
1564228800,26.69,Clear,0.0,0.0
1564243200,29.89,Clouds,0.0,0.0
1564257600,28.6,Rain,0.25,0.06
1564272000,25.76,Clear,0.0,0.0
1564286400,24.16,Clear,0.0,0.0
1564300800,23.58,Clouds,0.0,0.0
1564315200,26.71,Clear,0.0,0.05
1564329600,31.88,Clear,0.0,0.0
1564344000,32.46,Clear,0.0,0.0
1564358400,30.66,Clear,0.0,0.0
1564372800,24.35,Rain,0.49,0.2
1564387200,24.39,Clear,0.0,0.0
1564401600,28.8,Clear,0.0,0.0
1564416000,33.42,Clear,0.0,0.0
1564430400,33.36,Clouds,0.0,0.18
1564444800,31.62,Clear,0.0,0.0
1564459200,29.92,Clear,0.0,0.0
1564473600,26.86,Clear,0.0,0.0
1564488000,31.66,Clear,0.0,0.0
1564502400,35.75,Clear,0.0,0.19
1564516800,32.79,Rain,0.92,0.53
1564531200,30.39,Clear,0.0,0.0
1564545600,27.43,Clear,0.0,0.0
1564560000,25.62,Clear,0.0,0.0
1564574400,28.76,Clear,0.0,0.0
1564588800,31.44,Clear,0.0,0.65
1564603200,23.37,Mist,1.02,2.1
1564617600,23.22,Mist,0.0,0.14
1564632000,23.07,Mist,0.0,0.0
1564646400,22.65,Mist,0.0,0.06
1564660800,25.08,Clear,0.0,0.0
1564675200,28.72,Clouds,0.0,0.0
1564689600,29.04,Clouds,0.0,0.0
1564704000,26.92,Clouds,0.0,0.0
1564718400,25.28,Clear,0.0,0.0
1564732800,23.81,Clouds,0.0,0.0
1564747200,24.92,Clear,0.0,0.0
1564761600,28.17,Clear,0.0,0.05
1564776000,28.19,Clouds,0.0,0.05
1564790400,25.57,Clear,0.0,0.0
1564804800,24.06,Clear,0.0,0.0
1564819200,23.6,Clear,0.0,0.03
1564833600,26.26,Clouds,0.0,0.0
1564848000,29.85,Clouds,0.0,1.0
1564862400,29.65,Clear,0.0,0.04
1564876800,26.14,Clear,0.0,0.0
1564891200,21.99,Rain,2.4,0.94
1564905600,22.41,Clear,0.0,0.0
1564920000,25.1,Clear,0.0,0.12
1564934400,29.52,Clear,0.0,0.0
1564948800,29.21,Clouds,0.0,0.0
1564963200,26.18,Rain,0.0,0.0
1564977600,24.57,Clear,0.0,0.0
1564992000,21.94,Clear,0.0,0.0
1565006400,22.9,Clear,0.0,0.0
1565020800,26.06,Clear,0.0,0.0
1565035200,26.43,Clear,0.0,0.0
1565049600,24.6,Clear,0.0,0.0
1565064000,23.63,Clouds,0.0,0.0
1565078400,23.03,Clouds,0.0,0.0
1565092800,24.22,Clouds,0.0,0.18
1565107200,25.44,Rain,0.29,0.8
1565121600,26.66,Thunderstorm,0.17,0.29
1565136000,24.91,Clear,0.0,0.0
1565150400,24.46,Clear,0.0,0.0
1565164800,24.24,Rain,0.11,0.09
1565179200,26.36,Rain,0.5,0.74
1565193600,29.95,Rain,1.73,1.25
1565208000,23.53,Rain,0.91,3.39
1565222400,21.86,Rain,0.8,0.72
1565236800,21.44,Mist,0.0,0.0
1565251200,20.86,Mist,0.0,0.06
1565265600,23.92,Mist,0.25,0.12
1565280000,29.4,Clear,0.0,0.0
1565294400,29.9,Clouds,0.0,0.0
1565308800,22.68,Rain,1.52,1.3
1565323200,22.39,Clear,0.0,0.0
1565337600,21.46,Clear,0.0,0.0
1565352000,23.83,Clear,0.0,0.0
1565366400,27.32,Clear,0.0,0.0
1565380800,26.54,Thunderstorm,0.0,0.81
1565395200,24.79,Clouds,0.0,0.0
1565409600,21.94,Clear,0.0,0.0
1565424000,19.52,Clear,0.0,0.0
1565438400,22.47,Clouds,0.0,0.0
1565452800,26.56,Clear,0.0,0.0
1565467200,26.54,Rain,0.0,0.0
1565481600,22.91,Clear,0.0,0.0
1565496000,20.23,Clear,0.0,0.0
1565510400,18.47,Clear,0.0,0.0
1565524800,21.24,Clear,0.0,0.0
1565539200,25.83,Clouds,0.0,0.0
1565553600,26.36,Clear,0.0,0.0
1565568000,23.96,Clear,0.0,0.0
1565582400,22.39,Clear,0.0,0.0
1565596800,20.96,Clear,0.0,0.0
1565611200,24.07,Clear,0.0,0.0
1565625600,28.22,Clear,0.0,0.0
1565640000,28.84,Rain,0.2,0.05
1565654400,27.27,Clear,0.0,0.0
1565668800,25.04,Clear,0.0,0.04
1565683200,24.0,Rain,0.25,0.51
1565697600,24.64,Rain,0.43,0.22
1565712000,25.36,Rain,0.25,0.24
1565726400,25.28,Clouds,0.0,0.0
1565740800,24.93,Clouds,0.0,0.0
1565755200,24.56,Clouds,0.0,0.0
1565769600,24.11,Mist,0.0,0.0
1565784000,24.74,Haze,0.0,0.03
1565798400,27.52,Rain,0.2,0.4
1565812800,25.5,Rain,1.0,0.41
1565827200,24.56,Rain,0.23,0.11
1565841600,23.45,Clear,0.0,0.0
1565856000,22.69,Clouds,0.0,0.0
1565870400,24.6,Clear,0.0,0.06
1565884800,27.79,Clear,0.0,0.0
1565899200,26.1,Clear,0.0,0.0
1565913600,22.51,Clear,0.0,0.0
1565928000,22.0,Clouds,0.0,0.0
1565942400,20.97,Clouds,0.0,0.0
1565956800,23.18,Clouds,0.0,0.0
1565971200,25.83,Rain,0.15,0.09
1565985600,26.84,Clouds,0.0,0.05
1566000000,24.4,Clear,0.0,0.0
1566014400,24.38,Rain,0.12,0.26
1566028800,23.84,Clouds,0.0,0.0
1566043200,25.29,Clouds,0.0,0.12
1566057600,30.35,Clouds,0.0,0.19
1566072000,29.81,Rain,0.11,0.22
1566086400,25.6,Clear,0.0,0.0
1566100800,25.42,Thunderstorm,0.0,0.0
1566115200,25.21,Clouds,0.0,0.0
1566129600,28.35,Mist,0.0,0.03
1566144000,34.8,Rain,0.13,0.06
1566158400,31.41,Rain,5.81,4.1
1566172800,24.73,Rain,0.0,0.06
1566187200,24.18,Clear,0.0,0.0
1566201600,23.68,Clear,0.0,0.0
1566216000,27.44,Clear,0.0,0.0
1566230400,35.19,Clear,0.0,0.03
1566244800,31.89,Thunderstorm,0.18,2.15
1566259200,27.95,Clouds,0.0,0.0
1566273600,26.38,Clear,0.0,0.0
1566288000,25.11,Clear,0.0,0.0
1566302400,26.85,Clear,0.0,0.0
1566316800,30.55,Clear,0.0,0.0
1566331200,30.12,Clear,0.0,0.0
1566345600,26.77,Clear,0.0,0.0
1566360000,25.59,Clear,0.0,0.0
1566374400,25.52,Mist,0.0,0.0
1566388800,28.27,Haze,0.0,0.0
1566403200,32.49,Rain,0.16,0.12
1566417600,30.28,Thunderstorm,0.12,0.83
1566432000,26.2,Clouds,0.0,0.06
1566446400,26.14,Clear,0.0,0.0
1566460800,25.09,Clear,0.0,0.0
1566475200,27.93,Clear,0.0,0.0
1566489600,32.69,Clear,0.0,0.0
1566504000,32.14,Clear,0.0,0.0
1566518400,24.52,Clouds,0.0,3.22
1566532800,23.09,Rain,2.73,1.94
1566547200,21.45,Rain,2.98,0.99
1566561600,19.29,Rain,0.0,0.42
1566576000,21.84,Clouds,0.0,0.16
1566590400,23.03,Clear,0.0,0.0
1566604800,21.67,Clear,0.0,0.0
1566619200,19.34,Clear,0.0,0.0
1566633600,17.93,Clear,0.0,0.0
1566648000,19.81,Clear,0.0,0.0
1566662400,22.86,Smoke,0.0,0.0
1566676800,22.66,Clear,0.0,0.0
1566691200,20.77,Clouds,0.0,0.0
1566705600,19.51,Clouds,0.0,0.08
1566720000,18.08,Clouds,0.0,0.0
1566734400,19.8,Clouds,0.0,0.05
1566748800,23.41,Clouds,0.0,0.0
1566763200,22.75,Clear,0.0,0.0
1566777600,20.5,Rain,0.13,0.03
1566792000,17.63,Clouds,0.0,0.0
1566806400,15.84,Clouds,0.0,0.0
1566820800,17.22,Clouds,0.0,0.0
1566835200,21.64,Clouds,0.0,0.0
1566849600,22.25,Clear,0.0,0.0
1566864000,19.62,Clouds,0.0,0.0
1566878400,18.3,Clear,0.0,0.0
1566892800,17.46,Clear,0.0,0.0
1566907200,19.81,Clear,0.0,0.0
1566921600,22.57,Clear,0.0,0.11
1566936000,22.01,Clear,0.0,0.0
1566950400,19.9,Clouds,0.0,0.0
1566964800,19.86,Clear,0.0,0.2
1566979200,20.63,Clouds,0.0,0.0
1566993600,22.27,Clouds,0.0,0.0
1567008000,22.92,Rain,0.0,0.49
1567022400,22.74,Rain,0.31,0.41
1567036800,22.94,Rain,0.26,0.18
1567051200,21.45,Clear,0.0,0.06
1567065600,19.52,Clouds,0.0,0.0
1567080000,22.2,Clear,0.0,0.0
1567094400,27.08,Clear,0.0,0.0
1567108800,26.55,Clouds,0.0,0.0
1567123200,23.16,Clear,0.0,0.0
1567137600,21.13,Clear,0.0,0.0
1567152000,20.08,Clear,0.0,0.0
1567166400,23.21,Clear,0.0,0.0
1567180800,28.99,Clear,0.0,0.05
1567195200,30.04,Clouds,0.0,0.05
1567209600,27.56,Clear,0.0,0.0
1567224000,24.82,Clear,0.0,0.0
1567238400,21.73,Clear,0.0,0.0
1567252800,22.11,Clear,0.0,0.0
1567267200,25.83,Clear,0.0,0.0
1567281600,25.76,Clear,0.0,0.0
1567296000,22.9,Clear,0.0,0.0
1567310400,20.31,Clear,0.0,0.0
1567324800,18.17,Clear,0.0,0.0
1567339200,20.52,Clear,0.0,0.0
1567353600,24.25,Clear,0.0,0.0
1567368000,23.4,Clouds,0.0,0.0
1567382400,21.54,Clouds,0.0,0.0
1567396800,21.12,Clear,0.0,0.0
1567411200,20.95,Clear,0.0,0.0
1567425600,22.63,Clouds,0.0,0.18
1567440000,22.87,Rain,2.02,1.93
1567454400,24.0,Thunderstorm,1.83,1.73
1567468800,23.58,Clear,0.0,0.0
1567483200,22.59,Clouds,0.0,0.06
1567497600,20.38,Clear,0.0,0.0
1567512000,22.15,Rain,0.25,0.06
1567526400,26.2,Clear,0.0,0.0
1567540800,25.88,Clear,0.0,0.05
1567555200,22.31,Clear,0.0,0.0
1567569600,20.84,Clear,0.0,0.0
1567584000,20.92,Clouds,0.0,0.0
1567598400,23.38,Mist,0.0,0.0
1567612800,30.81,Clouds,0.0,0.0
1567627200,31.24,Thunderstorm,0.0,0.09
1567641600,27.52,Clouds,0.0,0.0
1567656000,22.4,Clear,0.0,0.0
1567670400,18.75,Clear,0.0,0.0
1567684800,19.13,Clear,0.0,0.0
1567699200,21.67,Clear,0.0,0.0
1567713600,21.87,Clear,0.0,0.0
1567728000,20.15,Clear,0.0,0.0
1567742400,18.88,Clear,0.0,0.0
1567756800,18.16,Clear,0.0,0.0
1567771200,18.77,Clouds,0.0,0.0
1567785600,18.28,Clouds,0.0,0.24
1567800000,16.32,Mist,1.22,0.97
1567814400,16.12,Rain,0.25,0.26
1567828800,14.93,Rain,0.36,0.44
1567843200,13.71,Clouds,0.0,0.0
1567857600,15.96,Rain,0.2,0.05
1567872000,21.9,Clear,0.0,0.05
1567886400,23.26,Clouds,0.0,0.0
1567900800,20.71,Clear,0.0,0.0
1567915200,18.8,Clouds,0.0,0.0
1567929600,17.72,Clear,0.0,0.0
1567944000,18.76,Clear,0.0,0.0
1567958400,23.44,Clear,0.0,0.0
1567972800,24.2,Clouds,0.0,0.0
1567987200,22.2,Clouds,0.0,0.0
1568001600,20.5,Clouds,0.0,0.0
1568016000,18.58,Clouds,0.0,0.0
1568030400,19.89,Clouds,0.0,0.0
1568044800,23.51,Clouds,0.0,0.12
1568059200,23.45,Rain,0.89,0.51
1568073600,21.32,Clouds,0.0,0.0
1568088000,20.19,Clear,0.0,0.0
1568102400,20.29,Clouds,0.0,0.0
1568116800,21.72,Rain,0.26,0.06
1568131200,23.44,Rain,0.2,0.18
1568145600,24.14,Clouds,0.0,0.0
1568160000,22.44,Clear,0.0,0.0
1568174400,21.58,Clouds,0.0,0.0
1568188800,21.21,Clouds,0.0,0.0
1568203200,23.26,Clouds,0.0,0.0
1568217600,30.81,Clear,0.0,0.0
1568232000,33.42,Clear,0.0,0.05
1568246400,30.66,Clear,0.0,0.0
1568260800,27.55,Clouds,0.0,0.0
1568275200,25.6,Clouds,0.0,0.77
1568289600,25.64,Clouds,0.0,0.24
1568304000,24.55,Clouds,0.0,0.25
1568318400,22.3,Clouds,0.0,0.11
1568332800,18.06,Mist,1.72,0.76
1568347200,16.38,Clouds,0.0,0.0
1568361600,14.54,Clear,0.0,0.06
1568376000,16.79,Rain,0.25,0.06
1568390400,19.84,Clouds,0.0,0.0
1568404800,19.26,Clouds,0.0,0.05
1568419200,17.19,Clouds,0.0,0.0
1568433600,16.86,Clouds,0.0,0.0
1568448000,17.76,Clouds,0.0,0.0
1568462400,20.94,Clouds,0.0,0.0
1568476800,22.86,Clouds,0.0,0.0
1568491200,23.32,Clouds,0.0,0.0
1568505600,23.26,Clouds,0.0,0.39
1568520000,22.74,Drizzle,0.0,0.0
1568534400,21.54,Clouds,0.0,0.0
1568548800,22.12,Clear,0.0,0.0
1568563200,26.34,Clear,0.0,0.0
1568577600,26.69,Clear,0.0,0.0
1568592000,23.91,Clear,0.0,0.0
1568606400,22.18,Clear,0.0,0.0
1568620800,21.61,Clouds,0.0,0.0
1568635200,21.91,Clouds,0.0,0.0
1568649600,23.47,Clouds,0.0,0.0
1568664000,23.56,Clouds,0.0,0.02
1568678400,22.1,Clouds,0.0,0.0
1568692800,19.91,Clouds,0.0,0.0
1568707200,16.94,Clear,0.0,0.0
1568721600,18.37,Clear,0.0,0.0
1568736000,22.63,Clear,0.0,0.0
1568750400,22.72,Clear,0.0,0.0
1568764800,19.16,Clear,0.0,0.0
1568779200,16.88,Clear,0.0,0.0
1568793600,15.48,Clear,0.0,0.0
1568808000,16.45,Clouds,0.0,0.0
1568822400,18.71,Clouds,0.0,0.0
1568836800,18.6,Clouds,0.0,0.0
1568851200,15.8,Clear,0.0,0.0
1568865600,12.97,Clear,0.0,0.0
1568880000,10.76,Clear,0.0,0.0
1568894400,13.28,Clear,0.0,0.0
1568908800,17.81,Clear,0.0,0.0
1568923200,19.01,Clear,0.0,0.0
1568937600,16.4,Clear,0.0,0.0
1568952000,14.35,Clear,0.0,0.0
1568966400,13.16,Clear,0.0,0.0
1568980800,16.27,Fog,0.0,0.0
1568995200,23.06,Clear,0.0,0.0
1569009600,24.46,Clear,0.0,0.0
1569024000,21.59,Clear,0.0,0.0
1569038400,18.93,Clear,0.0,0.0
1569052800,17.05,Clear,0.0,0.0
1569067200,19.46,Fog,0.0,0.0
1569081600,26.52,Fog,0.0,0.0
1569096000,26.58,Clear,0.0,0.0
1569110400,22.89,Clear,0.0,0.0
1569124800,21.14,Clear,0.0,0.0
1569139200,19.88,Fog,0.0,0.0
1569153600,22.72,Clear,0.0,0.0
1569168000,29.24,Clear,0.0,0.0
1569182400,28.05,Haze,0.0,0.0
1569196800,25.43,Clear,0.0,0.0
1569211200,23.93,Clear,0.0,0.0
1569225600,22.44,Clear,0.0,0.0
1569240000,24.07,Clear,0.0,0.0
1569254400,31.05,Clear,0.0,0.0
1569268800,30.66,Clouds,0.0,0.36
1569283200,28.32,Clouds,0.0,0.04
1569297600,22.54,Rain,0.44,0.48
1569312000,19.6,Rain,0.25,0.06
1569326400,20.49,Clear,0.0,0.0
1569340800,22.74,Clouds,0.0,0.0
1569355200,22.92,Clouds,0.0,0.0
1569369600,19.46,Clear,0.0,0.0
1569384000,16.9,Clear,0.0,0.0
1569398400,15.12,Clear,0.0,0.0
1569412800,17.7,Clear,0.0,0.0
1569427200,23.91,Clear,0.0,0.0
1569441600,24.13,Clear,0.0,0.0
1569456000,21.34,Clear,0.0,0.0
1569470400,19.7,Clear,0.0,0.0
1569484800,18.33,Clear,0.0,0.0
1569499200,21.38,Clear,0.0,0.0
1569513600,26.94,Clear,0.0,0.0
1569528000,20.78,Clouds,0.0,0.15
1569542400,18.22,Clear,0.0,0.0
1569556800,17.49,Fog,0.0,0.0
1569571200,15.94,Fog,0.0,0.06
1569585600,17.8,Fog,0.2,0.1
1569600000,22.17,Clear,0.0,0.0
1569614400,21.21,Clear,0.0,0.0
1569628800,18.9,Clear,0.0,0.0
1569643200,18.37,Clear,0.0,0.0
1569657600,18.22,Clear,0.0,0.0
1569672000,21.03,Fog,0.0,0.0
1569686400,26.51,Clouds,0.0,0.0
1569700800,26.44,Clear,0.0,0.0
1569715200,24.46,Clouds,0.0,0.0
1569729600,24.34,Clear,0.0,0.0
1569744000,22.37,Clear,0.0,0.0
1569758400,22.06,Clouds,0.0,0.0
1569772800,24.67,Clear,0.0,0.0
1569787200,23.42,Clear,0.0,0.0
1569801600,19.45,Clear,0.0,0.0
1569816000,17.43,Clear,0.0,0.0
1569830400,16.22,Clouds,0.0,0.0
1569844800,15.86,Clear,0.0,0.0
1569859200,19.61,Clear,0.0,0.0
1569873600,18.66,Clouds,0.0,0.0
1569888000,17.95,Clouds,0.0,0.0
1569902400,17.48,Rain,0.0,0.0
1569916800,17.77,Clouds,0.0,0.0
1569931200,19.8,Clouds,0.0,0.0
1569945600,24.28,Clouds,0.0,0.0
1569960000,27.02,Clear,0.0,0.0
1569974400,25.08,Clear,0.0,0.0
1569988800,23.52,Clear,0.0,0.0
1570003200,22.77,Clouds,0.0,0.0
1570017600,25.91,Clouds,0.0,0.0
1570032000,33.36,Clear,0.0,0.0
1570046400,30.35,Clouds,0.0,0.66
1570060800,22.78,Rain,0.42,0.48
1570075200,17.26,Clouds,0.0,0.43
1570089600,13.2,Rain,0.33,0.63
1570104000,11.88,Rain,0.58,0.4
1570118400,11.96,Rain,0.29,0.28
1570132800,12.79,Mist,0.35,0.33
1570147200,14.14,Mist,0.0,0.26
1570161600,14.34,Mist,0.28,0.2
1570176000,14.0,Mist,0.0,0.0
1570190400,15.73,Fog,0.0,0.06
1570204800,16.69,Clouds,0.0,0.0
1570219200,13.75,Clouds,0.0,0.0
1570233600,10.9,Clear,0.0,0.0
1570248000,7.11,Clear,0.0,0.0
1570262400,4.77,Clear,0.0,0.0
1570276800,7.32,Clear,0.0,0.0
1570291200,12.61,Clear,0.0,0.0
1570305600,12.29,Clear,0.0,0.0
1570320000,11.64,Clear,0.0,0.0
1570334400,13.31,Clouds,0.0,0.0
1570348800,15.05,Clouds,0.0,0.0
1570363200,17.14,Clouds,0.0,0.0
1570377600,19.87,Clouds,0.0,0.0
1570392000,20.7,Clouds,0.0,0.08
1570406400,20.18,Rain,0.25,0.12
1570420800,20.62,Clouds,0.0,0.0
1570435200,20.67,Clouds,0.0,0.0
1570449600,21.84,Clouds,0.0,0.0
1570464000,24.8,Clouds,0.0,0.0
1570478400,23.49,Clouds,0.0,0.0
1570492800,17.65,Rain,0.44,0.72
1570507200,15.34,Rain,0.32,0.43
1570521600,14.01,Rain,0.27,0.19
1570536000,14.71,Rain,0.25,0.06
1570550400,16.03,Clouds,0.0,0.0
1570564800,16.23,Clouds,0.0,0.0
1570579200,15.04,Clear,0.0,0.0
1570593600,14.49,Clouds,0.0,0.0
1570608000,13.59,Clouds,0.0,0.0
1570622400,12.52,Clouds,0.0,0.82
1570636800,11.38,Rain,3.69,2.0
1570651200,11.96,Rain,0.51,0.39
1570665600,11.21,Rain,0.2,0.29
1570680000,10.88,Rain,0.36,0.33
1570694400,11.29,Clouds,0.0,0.0
1570708800,13.68,Clouds,0.0,0.0
1570723200,17.72,Clouds,0.0,0.0
1570737600,19.17,Clear,0.0,0.0
1570752000,15.4,Clouds,0.0,0.0
1570766400,13.16,Clouds,0.0,0.0
1570780800,11.68,Clear,0.0,0.0
1570795200,12.85,Clear,0.0,0.0
1570809600,15.75,Clouds,0.0,0.0
1570824000,16.18,Clouds,0.0,0.0
1570838400,14.44,Clouds,0.0,0.0
1570852800,12.93,Clouds,0.0,0.0
1570867200,12.32,Clouds,0.0,0.0
1570881600,13.0,Clouds,0.0,0.0
1570896000,16.46,Clouds,0.0,0.0
1570910400,18.45,Clear,0.0,0.0
1570924800,16.38,Clouds,0.0,0.0
1570939200,14.39,Clouds,0.0,0.0
1570953600,12.08,Clear,0.0,0.0
1570968000,12.7,Clear,0.0,0.0
1570982400,16.14,Clouds,0.0,0.0
1570996800,16.54,Clear,0.0,0.0
1571011200,15.18,Clouds,0.0,0.0
1571025600,15.44,Clouds,0.0,0.0
1571040000,14.68,Clouds,0.0,0.0
1571054400,16.02,Clouds,0.0,0.0
1571068800,19.77,Haze,0.0,0.0
1571083200,20.53,Clear,0.0,0.05
1571097600,17.28,Clear,0.0,0.0
1571112000,13.28,Clear,0.0,0.0
1571126400,10.58,Clear,0.0,0.0
1571140800,11.13,Clear,0.0,0.0
1571155200,15.22,Clear,0.0,0.0
1571169600,15.52,Clear,0.0,0.0
1571184000,13.11,Clear,0.0,0.0
1571198400,12.88,Clear,0.0,0.0
1571212800,12.52,Clear,0.0,0.0
1571227200,15.69,Clouds,0.0,0.04
1571241600,17.86,Clouds,0.0,0.46
1571256000,16.65,Rain,3.1,4.96
1571270400,15.57,Mist,4.62,2.81
1571284800,10.67,Rain,0.38,0.38
1571299200,10.04,Rain,0.25,0.06
1571313600,10.69,Clouds,0.0,0.06
1571328000,12.14,Clouds,0.0,0.06
1571342400,12.58,Clouds,0.0,0.0
1571356800,11.53,Clouds,0.0,0.0
1571371200,10.38,Clouds,0.0,0.0
1571385600,9.64,Clouds,0.0,0.11
1571400000,10.1,Clouds,0.0,0.0
1571414400,12.72,Clouds,0.0,0.0
1571428800,10.64,Clouds,0.0,0.0
1571443200,7.51,Clear,0.0,0.0
1571457600,5.2,Clear,0.0,0.0
1571472000,5.22,Clear,0.0,0.0
1571486400,7.14,Clear,0.0,0.0
1571500800,12.66,Clear,0.0,0.0
1571515200,13.83,Clear,0.0,0.0
1571529600,12.01,Clear,0.0,0.0
1571544000,10.92,Clear,0.0,0.0
1571558400,9.62,Clear,0.0,0.0
1571572800,11.34,Clear,0.0,0.0
1571587200,13.49,Clouds,0.0,0.56
1571601600,12.64,Rain,2.81,1.9
1571616000,11.4,Rain,0.42,0.49
1571630400,10.97,Clouds,0.0,0.07
1571644800,10.4,Clouds,0.0,0.0
1571659200,12.1,Rain,0.23,0.06
1571673600,17.16,Clear,0.0,0.05
1571688000,16.96,Clear,0.0,0.0
1571702400,14.14,Clear,0.0,0.0
1571716800,12.88,Clear,0.0,0.0
1571731200,12.6,Clouds,0.0,0.0
1571745600,13.51,Clouds,0.0,0.06
1571760000,14.88,Mist,0.25,0.06
1571774400,15.31,Mist,0.0,0.2
1571788800,15.7,Rain,1.31,1.57
1571803200,16.68,Rain,1.45,1.22
1571817600,14.15,Rain,0.0,0.0
1571832000,14.26,Clear,0.0,0.05
1571846400,16.87,Rain,0.25,0.06
1571860800,16.19,Clear,0.0,0.0
1571875200,13.52,Clear,0.0,0.0
1571889600,10.82,Clear,0.0,0.0
1571904000,9.04,Clear,0.0,0.0
1571918400,11.96,Rain,0.25,0.06
1571932800,17.71,Clear,0.0,0.0
1571947200,16.01,Clear,0.0,0.0
1571961600,13.6,Clear,0.0,0.0
1571976000,12.04,Clear,0.0,0.0
1571990400,10.69,Clear,0.0,0.0
1572004800,12.34,Clear,0.0,0.0
1572019200,16.77,Clear,0.0,0.0
1572033600,16.65,Clear,0.0,0.0
1572048000,15.63,Clear,0.0,0.0
1572062400,15.12,Clear,0.0,0.0
1572076800,12.19,Clear,0.0,0.0
1572091200,12.46,Clear,0.0,0.0
1572105600,15.16,Clear,0.0,0.05
1572120000,14.95,Clear,0.0,0.06
1572134400,13.58,Rain,0.0,0.08
1572148800,12.91,Rain,0.0,0.1
1572163200,13.92,Drizzle,0.0,0.2
1572177600,14.79,Rain,1.01,1.73
1572192000,17.96,Rain,4.49,4.34
1572206400,18.0,Mist,0.27,0.07
1572220800,14.66,Clouds,0.0,0.0
1572235200,13.56,Fog,0.0,0.0
1572249600,13.19,Fog,0.0,0.0
1572264000,14.12,Rain,0.48,0.12
1572278400,15.72,Clouds,0.0,0.0
1572292800,15.45,Clouds,0.0,0.0
1572307200,13.47,Clouds,0.0,0.0
1572321600,12.45,Rain,0.76,0.32
1572336000,12.04,Drizzle,0.25,0.06
1572350400,12.61,Mist,0.0,0.0
1572364800,14.17,Mist,0.25,0.28
1572379200,14.52,Rain,0.38,0.33
1572393600,14.65,Mist,0.37,0.3
1572408000,14.68,Mist,0.0,0.19
1572422400,14.51,Mist,0.25,0.12
1572436800,15.23,Mist,0.25,0.13
1572451200,16.71,Mist,0.0,0.06
1572465600,16.62,Mist,0.0,0.0
1572480000,16.04,Mist,0.0,0.12
1572494400,16.4,Mist,0.0,0.71
1572508800,16.37,Rain,0.32,0.88
1572523200,18.86,Mist,0.42,0.55
1572537600,20.56,Rain,1.01,0.48
1572552000,20.74,Rain,0.2,0.05
1572566400,20.69,Clouds,0.0,0.06
1572580800,16.41,Rain,1.52,0.97
1572595200,5.07,Rain,0.53,0.18
1572609600,5.24,Rain,0.25,0.06
1572624000,10.74,Clear,0.0,0.0
1572638400,10.22,Clear,0.0,0.0
1572652800,5.0,Clear,0.0,0.0
1572667200,2.87,Clear,0.0,0.0
1572681600,2.28,Clear,0.0,0.0
1572696000,4.67,Clear,0.0,0.0
1572710400,8.52,Clouds,0.0,0.0
1572724800,8.49,Clouds,0.0,0.0
1572739200,7.9,Clouds,0.0,0.0
1572753600,4.78,Clouds,0.0,0.0
1572768000,2.99,Clear,0.0,0.0
1572782400,4.02,Clear,0.0,0.0
1572796800,8.75,Clear,0.0,0.0
1572811200,9.12,Clouds,0.0,0.0
1572825600,5.93,Clear,0.0,0.0
1572840000,4.36,Clear,0.0,0.0
1572854400,3.91,Clear,0.0,0.0
1572868800,6.82,Clear,0.0,0.0
1572883200,10.88,Clear,0.0,0.05
1572897600,11.14,Clear,0.0,0.05
1572912000,10.38,Clear,0.0,0.0
1572926400,10.74,Clear,0.0,0.0
1572940800,10.5,Clear,0.0,0.0
1572955200,12.86,Rain,0.11,0.11
1572969600,14.92,Clouds,0.0,0.0
1572984000,13.87,Clouds,0.0,0.0
1572998400,11.97,Clear,0.0,0.0
1573012800,8.94,Clouds,0.0,0.0
1573027200,5.59,Clear,0.0,0.0
1573041600,5.91,Clear,0.0,0.0
1573056000,9.86,Clear,0.0,0.0
1573070400,9.99,Clear,0.0,0.05
1573084800,8.78,Rain,1.2,0.3
1573099200,7.14,Clear,0.0,0.0
1573113600,7.93,Clouds,0.0,0.0
1573128000,9.51,Clouds,0.0,0.0
1573142400,11.8,Clouds,0.0,0.0
1573156800,11.69,Clouds,0.0,0.16
1573171200,4.68,Rain,0.9,0.54
1573185600,0.06,Rain,0.14,0.04
1573200000,-3.72,Clear,0.0,0.0
1573214400,-4.17,Clear,0.0,0.0
1573228800,-2.24,Clouds,0.0,0.0
1573243200,-3.29,Clear,0.0,0.0
1573257600,-5.61,Clear,0.0,0.0
1573272000,-6.72,Clear,0.0,0.0
1573286400,-6.24,Clear,0.0,0.0
1573300800,-3.15,Clear,0.0,0.0
1573315200,0.36,Clear,0.0,0.0
1573329600,0.49,Clouds,0.0,0.0
1573344000,0.14,Clouds,0.0,0.0
1573358400,0.11,Clear,0.0,0.0
1573372800,0.86,Clear,0.0,0.0
1573387200,2.77,Clouds,0.0,0.0
1573401600,6.44,Clouds,0.0,0.0
1573416000,8.84,Clouds,0.0,0.0
1573430400,8.15,Clouds,0.0,0.0
1573444800,8.09,Clouds,0.0,0.0
1573459200,7.68,Clouds,0.0,0.0
1573473600,9.58,Clear,0.0,0.0
1573488000,13.86,Clear,0.0,0.0
1573502400,13.22,Clear,0.0,0.0
1573516800,12.44,Clear,0.0,0.0
1573531200,12.32,Clear,0.0,0.0
1573545600,12.48,Clear,0.0,0.0
1573560000,5.63,Rain,0.0,0.24
1573574400,-4.16,Rain,0.23,0.2
1573588800,-5.98,Snow,0.0,0.0
1573603200,-8.39,Clouds,0.0,0.0
1573617600,-10.72,Clear,0.0,0.0
1573632000,-11.6,Clear,0.0,0.0
1573646400,-10.86,Clear,0.0,0.0
1573660800,-6.21,Clear,0.0,0.0
1573675200,-4.61,Clear,0.0,0.12
1573689600,-5.48,Clear,0.0,0.0
1573704000,-5.62,Clear,0.0,0.0
1573718400,-5.69,Clear,0.0,0.0
1573732800,-1.94,Clear,0.0,0.0
1573747200,1.86,Clouds,0.0,0.0
1573761600,3.95,Clear,0.0,0.05
1573776000,2.41,Clear,0.0,0.0
1573790400,1.08,Clouds,0.0,0.0
1573804800,-0.88,Clear,0.0,0.0
1573819200,0.66,Clear,0.0,0.05
1573833600,6.54,Clear,0.0,0.0
1573848000,7.56,Clear,0.0,0.0
1573862400,4.81,Clear,0.0,0.0
1573876800,0.98,Clear,0.0,0.0
1573891200,-1.82,Clear,0.0,0.0
1573905600,-4.64,Clear,0.0,0.0
1573920000,-1.47,Clear,0.0,0.0
1573934400,-1.12,Clear,0.0,0.0
1573948800,-3.93,Clear,0.0,0.0
1573963200,-6.44,Clear,0.0,0.0
1573977600,-7.06,Clouds,0.0,0.0
1573992000,-4.13,Clouds,0.0,0.0
1574006400,-0.42,Clear,0.0,0.0
1574020800,0.15,Clouds,0.0,0.0
1574035200,-0.71,Clouds,0.0,0.0
1574049600,-0.86,Clouds,0.0,0.0
1574064000,-1.33,Clouds,0.0,0.08
1574078400,-0.72,Mist,0.26,0.13
1574092800,0.97,Mist,0.0,0.19
1574107200,0.96,Mist,0.44,0.36
1574121600,1.44,Rain,0.25,1.28
1574136000,2.65,Rain,1.04,0.96
1574150400,2.68,Rain,1.75,0.52
1574164800,3.79,Mist,0.25,0.18
1574179200,5.52,Clouds,0.0,0.06
1574193600,5.14,Clouds,0.0,0.06
1574208000,3.82,Clouds,0.0,0.0
1574222400,3.21,Clouds,0.0,0.06
1574236800,1.95,Clouds,0.0,0.0
1574251200,0.8,Clouds,0.0,0.06
1574265600,3.7,Clouds,0.0,0.0
1574280000,3.95,Rain,0.25,0.06
1574294400,2.29,Clouds,0.0,0.0
1574308800,1.32,Clouds,0.0,0.0
1574323200,1.36,Clear,0.0,0.06
1574337600,2.89,Clear,0.0,0.0
1574352000,7.96,Clear,0.0,0.0
1574366400,9.42,Clear,0.0,0.22
1574380800,8.41,Clear,0.0,0.0
1574395200,7.01,Clouds,0.0,0.0
1574409600,6.31,Clouds,0.0,0.0
1574424000,8.15,Clouds,0.0,0.0
1574438400,9.03,Drizzle,0.0,0.41
1574452800,4.21,Drizzle,0.25,0.11
1574467200,0.68,Clouds,0.0,0.0
1574481600,-2.08,Clear,0.0,0.0
1574496000,-2.98,Clear,0.0,0.0
1574510400,-1.85,Clear,0.0,0.0
1574524800,3.77,Clear,0.0,0.37
1574539200,3.95,Clear,0.0,0.0
1574553600,4.08,Clear,0.0,0.06
1574568000,1.79,Rain,0.26,0.7
1574582400,1.62,Rain,2.86,2.15
1574596800,2.14,Rain,0.69,0.6
1574611200,0.98,Rain,0.98,0.69
1574625600,0.43,Rain,0.23,0.19
1574640000,1.03,Clear,0.0,0.0
1574654400,0.64,Clear,0.0,0.0
1574668800,-0.0,Clear,0.0,0.0
1574683200,3.27,Clear,0.0,0.0
1574697600,8.84,Clear,0.0,0.0
1574712000,9.09,Clouds,0.0,0.05
1574726400,7.41,Clear,0.0,0.0
1574740800,5.3,Clear,0.0,0.0
1574755200,4.34,Fog,0.0,0.0
1574769600,6.25,Fog,0.0,0.0
1574784000,12.83,Clear,0.0,0.0
1574798400,12.86,Rain,0.2,0.1
1574812800,11.33,Clear,0.0,0.0
1574827200,10.02,Clear,0.0,0.0
1574841600,8.14,Clear,0.0,0.0
1574856000,9.22,Clear,0.0,0.0
1574870400,13.19,Clouds,0.0,0.0
1574884800,12.5,Rain,0.34,0.3
1574899200,13.04,Clouds,0.0,0.0
1574913600,10.1,Rain,0.45,0.18
1574928000,4.33,Clouds,0.0,0.0
1574942400,5.14,Clouds,0.0,0.0
1574956800,5.84,Rain,0.2,0.05
1574971200,2.0,Clouds,0.0,0.0
1574985600,-0.8,Clear,0.0,0.0
1575000000,-2.98,Clouds,0.0,0.0
1575014400,-5.54,Clear,0.0,0.0
1575028800,-5.47,Clear,0.0,0.0
1575043200,-1.18,Clear,0.0,0.0
1575057600,-0.04,Clear,0.0,0.0
1575072000,-1.91,Clear,0.0,0.0
1575086400,-2.88,Clear,0.0,0.0
1575100800,-4.65,Clear,0.0,0.0
1575115200,-5.02,Clear,0.0,0.0
1575129600,0.78,Clear,0.0,0.0
1575144000,2.76,Clear,0.0,0.0
1575158400,-0.12,Clear,0.0,0.0
1575172800,-3.44,Clear,0.0,0.0
1575187200,-5.96,Clear,0.0,0.0
1575201600,-6.09,Clear,0.0,0.0
1575216000,-5.89,Rain,0.0,0.36
1575230400,-4.74,Rain,1.18,1.76
1575244800,-3.78,Rain,2.69,1.12
1575259200,-3.48,Mist,0.27,0.14
1575273600,-2.98,Drizzle,0.0,0.2
1575288000,-2.64,Rain,0.25,0.43
1575302400,-3.72,Snow,0.32,0.76
1575316800,-4.85,Snow,1.39,0.95
1575331200,-6.02,Snow,0.25,0.18
1575345600,-6.8,Snow,0.0,0.0
1575360000,-6.9,Snow,0.0,0.0
1575374400,-6.28,Snow,0.0,0.0
1575388800,-5.3,Clouds,0.0,0.06
1575403200,-4.72,Rain,0.25,0.06
1575417600,-5.48,Clear,0.0,0.05
1575432000,-4.82,Clear,0.0,0.0
1575446400,-2.88,Clouds,0.0,0.0
1575460800,-2.1,Clouds,0.0,0.06
1575475200,-0.78,Haze,0.0,0.0
1575489600,-0.93,Rain,0.2,0.05
1575504000,-0.98,Rain,0.25,0.12
1575518400,-1.86,Clouds,0.0,0.0
1575532800,-2.14,Clouds,0.0,0.0
1575547200,-0.95,Clouds,0.0,0.0
1575561600,-0.31,Rain,0.25,0.06
1575576000,-0.47,Clouds,0.0,0.05
1575590400,-1.77,Clear,0.0,0.0
1575604800,-2.99,Clouds,0.0,0.0
1575619200,-2.41,Clear,0.0,0.0
1575633600,-0.29,Clear,0.0,0.0
1575648000,3.3,Clouds,0.0,0.0
1575662400,6.07,Rain,0.2,0.1
1575676800,3.37,Clouds,0.0,0.0
1575691200,-1.63,Clear,0.0,0.0
1575705600,-3.67,Clear,0.0,0.0
1575720000,-5.09,Clear,0.0,0.0
1575734400,-2.94,Clear,0.0,0.0
1575748800,-2.67,Clear,0.0,0.0
1575763200,-4.64,Clear,0.0,0.0
1575777600,-4.65,Clear,0.0,0.0
1575792000,-4.45,Clear,0.0,0.0
1575806400,-4.64,Clear,0.0,0.0
1575820800,-0.03,Clear,0.0,0.0
1575835200,0.37,Clear,0.0,0.0
1575849600,2.57,Clear,0.0,0.0
1575864000,3.29,Clouds,0.0,0.14
1575878400,3.02,Rain,0.42,0.55
1575892800,3.92,Rain,1.52,2.03
1575907200,10.75,Mist,0.3,0.16
1575921600,10.77,Mist,0.76,2.1
1575936000,11.42,Rain,3.87,2.32
1575950400,12.35,Rain,0.23,0.25
1575964800,13.24,Clouds,0.0,0.0
1575979200,13.2,Clouds,0.0,0.11
1575993600,13.15,Clouds,0.0,0.52
1576008000,12.53,Rain,0.5,0.24
1576022400,7.61,Rain,0.3,0.49
1576036800,-0.28,Rain,0.25,0.36
1576051200,-2.99,Rain,0.54,0.66
1576065600,-3.45,Mist,0.46,0.32
1576080000,-1.56,Rain,0.25,0.51
1576094400,-2.78,Rain,0.51,0.19
1576108800,-4.81,Clear,0.0,0.0
1576123200,-6.84,Clear,0.0,0.0
1576137600,-7.44,Clear,0.0,0.0
1576152000,-8.57,Clear,0.0,0.0
1576166400,-3.9,Clear,0.0,0.0
1576180800,-2.2,Clear,0.0,0.05
1576195200,-2.64,Clear,0.0,0.0
1576209600,-2.43,Clear,0.0,0.0
1576224000,-2.38,Clear,0.0,0.0
1576238400,1.03,Clouds,0.0,0.0
1576252800,2.97,Clouds,0.0,0.12
1576267200,2.9,Mist,0.25,0.98
1576281600,3.95,Rain,0.54,1.93
1576296000,4.88,Rain,2.99,4.59
1576310400,8.4,Rain,3.06,1.94
1576324800,8.57,Rain,0.37,0.27
1576339200,10.78,Mist,0.25,0.2
1576353600,11.63,Mist,0.25,0.2
1576368000,7.34,Clouds,0.0,0.05
1576382400,2.49,Clouds,0.0,0.0
1576396800,1.96,Clouds,0.0,0.0
1576411200,2.49,Clouds,0.0,0.0
1576425600,3.4,Clouds,0.0,0.0
1576440000,0.83,Clouds,0.0,0.0
1576454400,-0.75,Clouds,0.0,0.0
1576468800,-2.56,Clear,0.0,0.0
1576483200,-3.78,Clear,0.0,0.0
1576497600,-2.3,Clouds,0.0,0.05
1576512000,-1.27,Clouds,0.0,0.0
1576526400,-1.21,Clouds,0.0,0.1
1576540800,-0.7,Clouds,0.0,0.22
1576555200,-3.78,Rain,0.37,0.91
1576569600,-5.04,Rain,1.23,1.05
1576584000,-5.8,Mist,0.63,1.1
1576598400,-4.74,Rain,1.55,1.16
1576612800,-4.32,Rain,0.72,0.55
1576627200,-4.4,Rain,0.0,0.0
1576641600,-4.64,Clouds,0.0,0.06
1576656000,-5.88,Clear,0.0,0.0
1576670400,-4.83,Clear,0.0,0.0
1576684800,-4.19,Clear,0.0,0.0
1576699200,-6.55,Clouds,0.0,0.0
1576713600,-9.57,Snow,0.0,0.0
1576728000,-13.36,Snow,0.0,0.0
1576742400,-15.26,Clear,0.0,0.0
1576756800,-15.15,Clear,0.0,0.0
1576771200,-12.48,Clear,0.0,0.0
1576785600,-10.95,Clear,0.0,0.0
1576800000,-11.92,Clear,0.0,0.0
1576814400,-11.62,Clouds,0.0,0.0
1576828800,-11.57,Clouds,0.0,0.0
1576843200,-11.25,Clear,0.0,0.0
1576857600,-6.65,Clear,0.0,0.0
1576872000,-4.54,Clear,0.0,0.05
1576886400,-6.56,Clear,0.0,0.0
1576900800,-9.69,Clear,0.0,0.0
1576915200,-9.37,Clear,0.0,0.0
1576929600,-7.65,Clear,0.0,0.0
1576944000,-3.36,Clear,0.0,0.0
1576958400,-1.97,Clouds,0.0,0.0
1576972800,-2.06,Clear,0.0,0.0
1576987200,-3.0,Clear,0.0,0.0
1577001600,-4.68,Clear,0.0,0.0
1577016000,-4.08,Clear,0.0,0.0
1577030400,2.5,Haze,0.0,0.38
1577044800,4.81,Clear,0.0,0.0
1577059200,2.28,Clear,0.0,0.26
1577073600,2.71,Clear,0.0,0.0
1577088000,1.93,Clear,0.0,0.0
1577102400,3.14,Clear,0.0,0.0
1577116800,9.23,Clear,0.0,0.0
1577131200,9.92,Clear,0.0,0.0
1577145600,7.88,Clear,0.0,0.0
1577160000,4.36,Clear,0.0,0.0
1577174400,3.6,Clear,0.0,0.0
1577188800,2.28,Clear,0.0,0.0
1577203200,4.69,Clear,0.0,0.0
1577217600,3.84,Clear,0.0,0.0
1577232000,0.75,Clear,0.0,0.0
1577246400,-1.48,Clear,0.0,0.0
1577260800,-2.72,Clear,0.0,0.0
1577275200,-1.21,Clear,0.0,0.0
1577289600,3.31,Clear,0.0,0.0
1577304000,4.01,Clear,0.0,0.0
1577318400,2.36,Clear,0.0,0.0
1577332800,1.25,Clear,0.0,0.0
1577347200,0.1,Mist,0.0,0.0
1577361600,-1.1,Mist,0.0,0.0
1577376000,0.61,Clear,0.0,0.0
1577390400,2.59,Clouds,0.0,0.0
1577404800,3.77,Clouds,0.0,0.0
1577419200,5.06,Clouds,0.0,0.0
1577433600,6.22,Clouds,0.0,0.0
1577448000,7.55,Clouds,0.0,0.0
1577462400,10.41,Clouds,0.0,0.05
1577476800,10.62,Clouds,0.0,0.05
